Santa Clara,19684.0,293.0,74,6,2020-09-16
Santa Clara,19825.0,295.0,141,2,2020-09-17
Santa Clara,20058.0,295.0,233,0,2020-09-18
Santa Clara,20170.0,296.0,112,1,2020-09-19
Santa Clara,20330.0,296.0,160,0,2020-09-20
Santa Clara,20432.0,297.0,102,1,2020-09-21
Santa Clara,20514.0,299.0,82,2,2020-09-22
Santa Clara,20575.0,300.0,61,1,2020-09-23
Santa Clara,20689.0,304.0,114,4,2020-09-24
Santa Clara,20812.0,306.0,123,2,2020-09-25
Santa Clara,20967.0,311.0,155,5,2020-09-26
Santa Clara,21091.0,312.0,124,1,2020-09-27
Santa Clara,21180.0,314.0,89,2,2020-09-28
Santa Clara,21233.0,318.0,53,4,2020-09-29
Santa Clara,21318.0,322.0,85,4,2020-09-30
Santa Clara,21398.0,325.0,80,3,2020-10-01
Santa Clara,21545.0,330.0,147,5,2020-10-02
Santa Clara,21672.0,333.0,127,3,2020-10-03
Santa Clara,21780.0,344.0,108,11,2020-10-04
Santa Clara,21861.0,345.0,81,1,2020-10-05
Santa Clara,21914.0,347.0,53,2,2020-10-06
Santa Clara,21993.0,353.0,79,6,2020-10-07
Santa Clara,22095.0,354.0,102,1,2020-10-08
Santa Clara,22251.0,357.0,156,3,2020-10-09
Santa Clara,22354.0,357.0,103,0,2020-10-10
Santa Clara,22487.0,357.0,133,0,2020-10-11
Santa Clara,22578.0,362.0,91,5,2020-10-12
Santa Clara,22678.0,363.0,100,1,2020-10-13
Santa Clara,22735.0,363.0,57,0,2020-10-14
Santa Clara,22808.0,367.0,73,4,2020-10-15
Santa Clara,22920.0,373.0,112,6,2020-10-16
San Mateo,8944.0,142.0,49,0,2020-09-16
San Mateo,8984.0,142.0,40,0,2020-09-17
San Mateo,9062.0,142.0,78,0,2020-09-18
San Mateo,9158.0,143.0,96,1,2020-09-19
San Mateo,9198.0,143.0,40,0,2020-09-20
San Mateo,9239.0,143.0,41,0,2020-09-21
San Mateo,9291.0,144.0,52,1,2020-09-22
San Mateo,9351.0,144.0,60,0,2020-09-23
San Mateo,9376.0,144.0,25,0,2020-09-24
San Mateo,9447.0,150.0,71,6,2020-09-25
San Mateo,9509.0,150.0,62,0,2020-09-26
San Mateo,9566.0,150.0,57,0,2020-09-27
San Mateo,9582.0,150.0,16,0,2020-09-28
San Mateo,9619.0,150.0,37,0,2020-09-29
San Mateo,9634.0,150.0,15,0,2020-09-30
San Mateo,9681.0,150.0,47,0,2020-10-01
San Mateo,9745.0,152.0,64,2,2020-10-02
San Mateo,9822.0,152.0,77,0,2020-10-03
San Mateo,9858.0,152.0,36,0,2020-10-04
San Mateo,9896.0,152.0,38,0,2020-10-05
San Mateo,9934.0,154.0,38,2,2020-10-06
San Mateo,9980.0,154.0,46,0,2020-10-07
San Mateo,10044.0,154.0,64,0,2020-10-08
San Mateo,10140.0,155.0,96,1,2020-10-09
San Mateo,10218.0,155.0,78,0,2020-10-10
San Mateo,10240.0,155.0,22,0,2020-10-11
San Mateo,10262.0,155.0,22,0,2020-10-12
San Mateo,10286.0,155.0,24,0,2020-10-13
San Mateo,10309.0,155.0,23,0,2020-10-14
San Mateo,10340.0,155.0,31,0,2020-10-15
San Mateo,10405.0,157.0,65,2,2020-10-16
Santa Barbara,8764.0,109.0,40,2,2020-09-16
Santa Barbara,8779.0,109.0,15,0,2020-09-17
Santa Barbara,8824.0,110.0,45,1,2020-09-18
Santa Barbara,8862.0,110.0,38,0,2020-09-19
Santa Barbara,8880.0,110.0,18,0,2020-09-20
Santa Barbara,8911.0,110.0,31,0,2020-09-21
Santa Barbara,8927.0,111.0,16,1,2020-09-22
Santa Barbara,8952.0,113.0,25,2,2020-09-23
Santa Barbara,8988.0,113.0,36,0,2020-09-24
Santa Barbara,9026.0,113.0,38,0,2020-09-25
Santa Barbara,9061.0,113.0,35,0,2020-09-26
Santa Barbara,9090.0,113.0,29,0,2020-09-27
Santa Barbara,9121.0,113.0,31,0,2020-09-28
Santa Barbara,9149.0,113.0,28,0,2020-09-29
Santa Barbara,9186.0,114.0,37,1,2020-09-30
Santa Barbara,9215.0,115.0,29,1,2020-10-01
Santa Barbara,9234.0,115.0,19,0,2020-10-02
Santa Barbara,9256.0,115.0,22,0,2020-10-03
Santa Barbara,9276.0,115.0,20,0,2020-10-04
Santa Barbara,9309.0,115.0,33,0,2020-10-05
Santa Barbara,9331.0,115.0,22,0,2020-10-06
Santa Barbara,9350.0,115.0,19,0,2020-10-07
Santa Barbara,9374.0,115.0,24,0,2020-10-08
Santa Barbara,9396.0,116.0,22,1,2020-10-09
Santa Barbara,9417.0,116.0,21,0,2020-10-10
Santa Barbara,9440.0,116.0,23,0,2020-10-11
Santa Barbara,9462.0,116.0,22,0,2020-10-12
Santa Barbara,9489.0,116.0,27,0,2020-10-13
Santa Barbara,9509.0,117.0,20,1,2020-10-14
Santa Barbara,9526.0,118.0,17,1,2020-10-15
Santa Barbara,9549.0,119.0,23,1,2020-10-16
Tuolumne,210.0,3.0,1,0,2020-09-16
Tuolumne,214.0,4.0,4,1,2020-09-17
Tuolumne,216.0,4.0,2,0,2020-09-18
Tuolumne,217.0,4.0,1,0,2020-09-19
Tuolumne,221.0,4.0,4,0,2020-09-20
Tuolumne,221.0,4.0,0,0,2020-09-21
Tuolumne,224.0,4.0,3,0,2020-09-22
Tuolumne,223.0,4.0,-1,0,2020-09-23
Tuolumne,224.0,4.0,1,0,2020-09-24
Tuolumne,223.0,4.0,-1,0,2020-09-25
Tuolumne,223.0,4.0,0,0,2020-09-26
Tuolumne,224.0,4.0,1,0,2020-09-27
Tuolumne,225.0,4.0,1,0,2020-09-28
Tuolumne,224.0,4.0,-1,0,2020-09-29
Tuolumne,224.0,4.0,0,0,2020-09-30
Tuolumne,223.0,4.0,-1,0,2020-10-01
Tuolumne,225.0,4.0,2,0,2020-10-02
Tuolumne,224.0,4.0,-1,0,2020-10-03
Tuolumne,226.0,4.0,2,0,2020-10-04
Tuolumne,226.0,4.0,0,0,2020-10-05
Tuolumne,227.0,4.0,1,0,2020-10-06
Tuolumne,227.0,4.0,0,0,2020-10-07
Tuolumne,230.0,4.0,3,0,2020-10-08
Tuolumne,230.0,4.0,0,0,2020-10-09
Tuolumne,233.0,4.0,3,0,2020-10-10
Tuolumne,234.0,4.0,1,0,2020-10-11
Tuolumne,234.0,4.0,0,0,2020-10-12
Tuolumne,235.0,4.0,1,0,2020-10-13
Tuolumne,236.0,4.0,1,0,2020-10-14
Tuolumne,236.0,4.0,0,0,2020-10-15
Tuolumne,237.0,4.0,1,0,2020-10-16
Sierra,6.0,0.0,0,0,2020-09-16
Sierra,6.0,0.0,0,0,2020-09-17
Sierra,6.0,0.0,0,0,2020-09-18
Sierra,6.0,0.0,0,0,2020-09-19
Sierra,6.0,0.0,0,0,2020-09-20
Sierra,6.0,0.0,0,0,2020-09-21
Sierra,6.0,0.0,0,0,2020-09-22
Sierra,6.0,0.0,0,0,2020-09-23
Sierra,6.0,0.0,0,0,2020-09-24
Sierra,6.0,0.0,0,0,2020-09-25
Sierra,6.0,0.0,0,0,2020-09-26
Sierra,6.0,0.0,0,0,2020-09-27
Sierra,6.0,0.0,0,0,2020-09-28
Sierra,6.0,0.0,0,0,2020-09-29
Sierra,6.0,0.0,0,0,2020-09-30
Sierra,6.0,0.0,0,0,2020-10-01
Sierra,6.0,0.0,0,0,2020-10-02
Sierra,6.0,0.0,0,0,2020-10-03
Sierra,6.0,0.0,0,0,2020-10-04
Sierra,6.0,0.0,0,0,2020-10-05
Sierra,6.0,0.0,0,0,2020-10-06
Sierra,6.0,0.0,0,0,2020-10-07
Sierra,6.0,0.0,0,0,2020-10-08
Sierra,6.0,0.0,0,0,2020-10-09
Sierra,6.0,0.0,0,0,2020-10-10
Sierra,6.0,0.0,0,0,2020-10-11
Sierra,6.0,0.0,0,0,2020-10-12
Sierra,6.0,0.0,0,0,2020-10-13
Sierra,6.0,0.0,0,0,2020-10-14
Sierra,6.0,0.0,0,0,2020-10-15
Sierra,6.0,0.0,0,0,2020-10-16
Placer,3351.0,40.0,20,1,2020-09-16
Placer,3368.0,41.0,17,1,2020-09-17
Placer,3389.0,41.0,21,0,2020-09-18
Placer,3412.0,41.0,23,0,2020-09-19
Placer,3452.0,41.0,40,0,2020-09-20
Placer,3473.0,41.0,21,0,2020-09-21
Placer,3492.0,42.0,19,1,2020-09-22
Placer,3506.0,43.0,14,1,2020-09-23
Placer,3514.0,44.0,8,1,2020-09-24
Placer,3527.0,44.0,13,0,2020-09-25
Placer,3551.0,45.0,24,1,2020-09-26
Placer,3562.0,45.0,11,0,2020-09-27
Placer,3572.0,45.0,10,0,2020-09-28
Placer,3570.0,45.0,-2,0,2020-09-29
Placer,3585.0,48.0,15,3,2020-09-30
Placer,3599.0,48.0,14,0,2020-10-01
Placer,3612.0,49.0,13,1,2020-10-02
Placer,3648.0,49.0,36,0,2020-10-03
Placer,3664.0,49.0,16,0,2020-10-04
Placer,3670.0,49.0,6,0,2020-10-05
Placer,3680.0,51.0,10,2,2020-10-06
Placer,3693.0,51.0,13,0,2020-10-07
Placer,3715.0,51.0,22,0,2020-10-08
Placer,3737.0,51.0,22,0,2020-10-09
Placer,3757.0,51.0,20,0,2020-10-10
Placer,3787.0,51.0,30,0,2020-10-11
Placer,3808.0,51.0,21,0,2020-10-12
Placer,3825.0,51.0,17,0,2020-10-13
Placer,3829.0,51.0,4,0,2020-10-14
Placer,3848.0,52.0,19,1,2020-10-15
Placer,3864.0,52.0,16,0,2020-10-16
San Luis Obispo,3285.0,27.0,23,1,2020-09-16
San Luis Obispo,3299.0,27.0,14,0,2020-09-17
San Luis Obispo,3328.0,27.0,29,0,2020-09-18
San Luis Obispo,3369.0,27.0,41,0,2020-09-19
San Luis Obispo,3393.0,27.0,24,0,2020-09-20
San Luis Obispo,3406.0,27.0,13,0,2020-09-21
San Luis Obispo,3420.0,27.0,14,0,2020-09-22
San Luis Obispo,3447.0,29.0,27,2,2020-09-23
San Luis Obispo,3480.0,29.0,33,0,2020-09-24
San Luis Obispo,3512.0,29.0,32,0,2020-09-25
San Luis Obispo,3546.0,29.0,34,0,2020-09-26
San Luis Obispo,3562.0,29.0,16,0,2020-09-27
San Luis Obispo,3567.0,29.0,5,0,2020-09-28
San Luis Obispo,3581.0,31.0,14,2,2020-09-29
San Luis Obispo,3597.0,31.0,16,0,2020-09-30
San Luis Obispo,3625.0,31.0,28,0,2020-10-01
San Luis Obispo,3654.0,31.0,29,0,2020-10-02
San Luis Obispo,3670.0,31.0,16,0,2020-10-03
San Luis Obispo,3688.0,31.0,18,0,2020-10-04
San Luis Obispo,3710.0,31.0,22,0,2020-10-05
San Luis Obispo,3723.0,31.0,13,0,2020-10-06
San Luis Obispo,3749.0,31.0,26,0,2020-10-07
San Luis Obispo,3785.0,31.0,36,0,2020-10-08
San Luis Obispo,3810.0,31.0,25,0,2020-10-09
San Luis Obispo,3832.0,31.0,22,0,2020-10-10
San Luis Obispo,3874.0,31.0,42,0,2020-10-11
San Luis Obispo,3874.0,31.0,0,0,2020-10-12
San Luis Obispo,3892.0,32.0,18,1,2020-10-13
San Luis Obispo,3901.0,32.0,9,0,2020-10-14
San Luis Obispo,3934.0,32.0,33,0,2020-10-15
San Luis Obispo,3952.0,32.0,18,0,2020-10-16
Solano,5899.0,52.0,21,0,2020-09-16
Solano,5915.0,55.0,16,3,2020-09-17
Solano,5961.0,55.0,46,0,2020-09-18
Solano,5998.0,55.0,37,0,2020-09-19
Solano,6020.0,55.0,22,0,2020-09-20
Solano,6019.0,55.0,-1,0,2020-09-21
Solano,6107.0,57.0,88,2,2020-09-22
Solano,6123.0,60.0,16,3,2020-09-23
Solano,6137.0,63.0,14,3,2020-09-24
Solano,6179.0,63.0,42,0,2020-09-25
Solano,6209.0,63.0,30,0,2020-09-26
Solano,6211.0,63.0,2,0,2020-09-27
Solano,6254.0,65.0,43,2,2020-09-28
Solano,6303.0,69.0,49,4,2020-09-29
Solano,6315.0,71.0,12,2,2020-09-30
Solano,6352.0,71.0,37,0,2020-10-01
Solano,6385.0,71.0,33,0,2020-10-02
Solano,6419.0,71.0,34,0,2020-10-03
Solano,6445.0,71.0,26,0,2020-10-04
Solano,6475.0,72.0,30,1,2020-10-05
Solano,6506.0,72.0,31,0,2020-10-06
Solano,6526.0,74.0,20,2,2020-10-07
Solano,6556.0,74.0,30,0,2020-10-08
Solano,6614.0,74.0,58,0,2020-10-09
Solano,6655.0,74.0,41,0,2020-10-10
Solano,6685.0,74.0,30,0,2020-10-11
Solano,6742.0,74.0,57,0,2020-10-12
Solano,6761.0,74.0,19,0,2020-10-13
Solano,6786.0,74.0,25,0,2020-10-14
Solano,6830.0,74.0,44,0,2020-10-15
Solano,6879.0,74.0,49,0,2020-10-16
Monterey,8997.0,65.0,54,0,2020-09-16
Monterey,9113.0,65.0,116,0,2020-09-17
Monterey,9183.0,66.0,70,1,2020-09-18
Monterey,9237.0,67.0,54,1,2020-09-19
Monterey,9312.0,67.0,75,0,2020-09-20
Monterey,9331.0,69.0,19,2,2020-09-21
Monterey,9393.0,70.0,62,1,2020-09-22
Monterey,9452.0,70.0,59,0,2020-09-23
Monterey,9544.0,70.0,92,0,2020-09-24
Monterey,9581.0,71.0,37,1,2020-09-25
Monterey,9651.0,71.0,70,0,2020-09-26
Monterey,9724.0,72.0,73,1,2020-09-27
Monterey,9780.0,72.0,56,0,2020-09-28
Monterey,9826.0,73.0,46,1,2020-09-29
Monterey,9898.0,73.0,72,0,2020-09-30
Monterey,9958.0,74.0,60,1,2020-10-01
Monterey,9997.0,74.0,39,0,2020-10-02
Monterey,10092.0,75.0,95,1,2020-10-03
Monterey,10141.0,75.0,49,0,2020-10-04
Monterey,10187.0,75.0,46,0,2020-10-05
Monterey,10235.0,75.0,48,0,2020-10-06
Monterey,10272.0,78.0,37,3,2020-10-07
Monterey,10343.0,78.0,71,0,2020-10-08
Monterey,10369.0,78.0,26,0,2020-10-09
Monterey,10410.0,78.0,41,0,2020-10-10
Monterey,10445.0,80.0,35,2,2020-10-11
Monterey,10473.0,80.0,28,0,2020-10-12
Monterey,10574.0,81.0,101,1,2020-10-13
Monterey,10616.0,81.0,42,0,2020-10-14
Monterey,10677.0,82.0,61,1,2020-10-15
Monterey,10727.0,82.0,50,0,2020-10-16
Yuba,1000.0,7.0,9,0,2020-09-16
Yuba,1015.0,7.0,15,0,2020-09-17
Yuba,1020.0,7.0,5,0,2020-09-18
Yuba,1023.0,7.0,3,0,2020-09-19
Yuba,1029.0,7.0,6,0,2020-09-20
Yuba,1033.0,7.0,4,0,2020-09-21
Yuba,1035.0,7.0,2,0,2020-09-22
Yuba,1038.0,7.0,3,0,2020-09-23
Yuba,1042.0,7.0,4,0,2020-09-24
Yuba,1049.0,7.0,7,0,2020-09-25
Yuba,1056.0,7.0,7,0,2020-09-26
Yuba,1059.0,7.0,3,0,2020-09-27
Yuba,1062.0,8.0,3,1,2020-09-28
Yuba,1071.0,8.0,9,0,2020-09-29
Yuba,1075.0,8.0,4,0,2020-09-30
Yuba,1082.0,8.0,7,0,2020-10-01
Yuba,1090.0,8.0,8,0,2020-10-02
Yuba,1097.0,9.0,7,1,2020-10-03
Yuba,1103.0,9.0,6,0,2020-10-04
Yuba,1108.0,9.0,5,0,2020-10-05
Yuba,1114.0,10.0,6,1,2020-10-06
Yuba,1120.0,10.0,6,0,2020-10-07
Yuba,1126.0,10.0,6,0,2020-10-08
Yuba,1129.0,10.0,3,0,2020-10-09
Yuba,1134.0,10.0,5,0,2020-10-10
Yuba,1137.0,10.0,3,0,2020-10-11
Yuba,1141.0,10.0,4,0,2020-10-12
Yuba,1143.0,10.0,2,0,2020-10-13
Yuba,1147.0,10.0,4,0,2020-10-14
Yuba,1151.0,10.0,4,0,2020-10-15
Yuba,1155.0,10.0,4,0,2020-10-16
San Francisco,10502.0,91.0,88,0,2020-09-16
San Francisco,10564.0,91.0,62,0,2020-09-17
San Francisco,10644.0,96.0,80,5,2020-09-18
San Francisco,10741.0,97.0,97,1,2020-09-19
San Francisco,10743.0,99.0,2,2,2020-09-20
San Francisco,10743.0,99.0,0,0,2020-09-21
San Francisco,10893.0,99.0,150,0,2020-09-22
San Francisco,10926.0,99.0,33,0,2020-09-23
San Francisco,10992.0,99.0,66,0,2020-09-24
San Francisco,11066.0,99.0,74,0,2020-09-25
San Francisco,11113.0,101.0,47,2,2020-09-26
San Francisco,11114.0,101.0,1,0,2020-09-27
San Francisco,11114.0,101.0,0,0,2020-09-28
San Francisco,11142.0,101.0,28,0,2020-09-29
San Francisco,11247.0,104.0,105,3,2020-09-30
San Francisco,11284.0,106.0,37,2,2020-10-01
San Francisco,11398.0,107.0,114,1,2020-10-02
San Francisco,11475.0,107.0,77,0,2020-10-03
San Francisco,11474.0,108.0,-1,1,2020-10-04
San Francisco,11476.0,108.0,2,0,2020-10-05
San Francisco,11513.0,111.0,37,3,2020-10-06
San Francisco,11551.0,114.0,38,3,2020-10-07
San Francisco,11608.0,115.0,57,1,2020-10-08
San Francisco,11620.0,121.0,12,6,2020-10-09
San Francisco,11663.0,123.0,43,2,2020-10-10
San Francisco,11659.0,123.0,-4,0,2020-10-11
San Francisco,11659.0,123.0,0,0,2020-10-12
San Francisco,11659.0,123.0,0,0,2020-10-13
San Francisco,11783.0,123.0,124,0,2020-10-14
San Francisco,11808.0,126.0,25,3,2020-10-15
San Francisco,11840.0,130.0,32,4,2020-10-16
Orange,50414.0,1111.0,120,6,2020-09-16
Orange,50537.0,1115.0,123,4,2020-09-17
Orange,50733.0,1123.0,196,8,2020-09-18
Orange,50999.0,1127.0,266,4,2020-09-19
Orange,51233.0,1128.0,234,1,2020-09-20
Orange,51363.0,1128.0,130,0,2020-09-21
Orange,51528.0,1150.0,165,22,2020-09-22
Orange,51658.0,1176.0,130,26,2020-09-23
Orange,51749.0,1182.0,91,6,2020-09-24
Orange,52031.0,1204.0,282,22,2020-09-25
Orange,52203.0,1214.0,172,10,2020-09-26
Orange,52458.0,1216.0,255,2,2020-09-27
Orange,52633.0,1216.0,175,0,2020-09-28
Orange,52755.0,1249.0,122,33,2020-09-29
Orange,52916.0,1268.0,161,19,2020-09-30
Orange,53088.0,1275.0,172,7,2020-10-01
Orange,53299.0,1281.0,211,6,2020-10-02
Orange,53573.0,1286.0,274,5,2020-10-03
Orange,53966.0,1286.0,393,0,2020-10-04
Orange,54103.0,1287.0,137,1,2020-10-05
Orange,54203.0,1289.0,100,2,2020-10-06
Orange,54332.0,1292.0,129,3,2020-10-07
Orange,54523.0,1306.0,191,14,2020-10-08
Orange,54746.0,1316.0,223,10,2020-10-09
Orange,54965.0,1340.0,219,24,2020-10-10
Orange,55202.0,1341.0,237,1,2020-10-11
Orange,55373.0,1341.0,171,0,2020-10-12
Orange,55515.0,1341.0,142,0,2020-10-13
Orange,55756.0,1360.0,241,19,2020-10-14
Orange,55952.0,1391.0,196,31,2020-10-15
Orange,56091.0,1401.0,139,10,2020-10-16
Mono,147.0,2.0,0,0,2020-09-16
Mono,147.0,2.0,0,0,2020-09-17
Mono,147.0,2.0,0,0,2020-09-18
Mono,147.0,2.0,0,0,2020-09-19
Mono,147.0,2.0,0,0,2020-09-20
Mono,147.0,2.0,0,0,2020-09-21
Mono,149.0,2.0,2,0,2020-09-22
Mono,149.0,2.0,0,0,2020-09-23
Mono,149.0,2.0,0,0,2020-09-24
Mono,149.0,2.0,0,0,2020-09-25
Mono,148.0,2.0,-1,0,2020-09-26
Mono,148.0,2.0,0,0,2020-09-27
Mono,148.0,2.0,0,0,2020-09-28
Mono,149.0,2.0,1,0,2020-09-29
Mono,150.0,2.0,1,0,2020-09-30
Mono,150.0,2.0,0,0,2020-10-01
Mono,150.0,2.0,0,0,2020-10-02
Mono,152.0,2.0,2,0,2020-10-03
Mono,152.0,2.0,0,0,2020-10-04
Mono,152.0,2.0,0,0,2020-10-05
Mono,153.0,2.0,1,0,2020-10-06
Mono,153.0,2.0,0,0,2020-10-07
Mono,153.0,2.0,0,0,2020-10-08
Mono,154.0,2.0,1,0,2020-10-09
Mono,154.0,2.0,0,0,2020-10-10
Mono,154.0,2.0,0,0,2020-10-11
Mono,154.0,2.0,0,0,2020-10-12
Mono,155.0,2.0,1,0,2020-10-13
Mono,155.0,2.0,0,0,2020-10-14
Mono,155.0,2.0,0,0,2020-10-15
Mono,155.0,2.0,0,0,2020-10-16
Calaveras,254.0,13.0,6,0,2020-09-16
Calaveras,254.0,13.0,0,0,2020-09-17
Calaveras,255.0,14.0,1,1,2020-09-18
Calaveras,256.0,14.0,1,0,2020-09-19
Calaveras,256.0,14.0,0,0,2020-09-20
Calaveras,256.0,14.0,0,0,2020-09-21
Calaveras,258.0,14.0,2,0,2020-09-22
Calaveras,258.0,14.0,0,0,2020-09-23
Calaveras,258.0,14.0,0,0,2020-09-24
Calaveras,257.0,14.0,-1,0,2020-09-25
Calaveras,257.0,14.0,0,0,2020-09-26
Calaveras,257.0,14.0,0,0,2020-09-27
Calaveras,257.0,14.0,0,0,2020-09-28
Calaveras,261.0,14.0,4,0,2020-09-29
Calaveras,258.0,14.0,-3,0,2020-09-30
Calaveras,257.0,14.0,-1,0,2020-10-01
Calaveras,259.0,14.0,2,0,2020-10-02
Calaveras,259.0,14.0,0,0,2020-10-03
Calaveras,259.0,14.0,0,0,2020-10-04
Calaveras,259.0,14.0,0,0,2020-10-05
Calaveras,261.0,14.0,2,0,2020-10-06
Calaveras,262.0,14.0,1,0,2020-10-07
Calaveras,262.0,14.0,0,0,2020-10-08
Calaveras,262.0,16.0,0,2,2020-10-09
Calaveras,262.0,16.0,0,0,2020-10-10
Calaveras,262.0,16.0,0,0,2020-10-11
Calaveras,262.0,16.0,0,0,2020-10-12
Calaveras,262.0,16.0,0,0,2020-10-13
Calaveras,266.0,16.0,4,0,2020-10-14
Calaveras,267.0,16.0,1,0,2020-10-15
Calaveras,267.0,17.0,0,1,2020-10-16
Alpine,2.0,0.0,0,0,2020-09-16
Alpine,2.0,0.0,0,0,2020-09-17
Alpine,2.0,0.0,0,0,2020-09-18
Alpine,2.0,0.0,0,0,2020-09-19
Alpine,2.0,0.0,0,0,2020-09-20
Alpine,2.0,0.0,0,0,2020-09-21
Alpine,2.0,0.0,0,0,2020-09-22
Alpine,2.0,0.0,0,0,2020-09-23
Alpine,2.0,0.0,0,0,2020-09-24
Alpine,2.0,0.0,0,0,2020-09-25
Alpine,2.0,0.0,0,0,2020-09-26
Alpine,2.0,0.0,0,0,2020-09-27
Alpine,2.0,0.0,0,0,2020-09-28
Alpine,2.0,0.0,0,0,2020-09-29
Alpine,2.0,0.0,0,0,2020-09-30
Alpine,2.0,0.0,0,0,2020-10-01
Alpine,2.0,0.0,0,0,2020-10-02
Alpine,2.0,0.0,0,0,2020-10-03
Alpine,2.0,0.0,0,0,2020-10-04
Alpine,2.0,0.0,0,0,2020-10-05
Alpine,3.0,0.0,1,0,2020-10-06
Alpine,3.0,0.0,0,0,2020-10-07
Alpine,3.0,0.0,0,0,2020-10-08
Alpine,3.0,0.0,0,0,2020-10-09
Alpine,3.0,0.0,0,0,2020-10-10
Alpine,3.0,0.0,0,0,2020-10-11
Alpine,3.0,0.0,0,0,2020-10-12
Alpine,3.0,0.0,0,0,2020-10-13
Alpine,3.0,0.0,0,0,2020-10-14
Alpine,3.0,0.0,0,0,2020-10-15
Alpine,3.0,0.0,0,0,2020-10-16
Nevada,495.0,5.0,1,0,2020-09-16
Nevada,494.0,5.0,-1,0,2020-09-17
Nevada,504.0,6.0,10,1,2020-09-18
Nevada,505.0,6.0,1,0,2020-09-19
Nevada,511.0,6.0,6,0,2020-09-20
Nevada,515.0,6.0,4,0,2020-09-21
Nevada,523.0,6.0,8,0,2020-09-22
Nevada,523.0,6.0,0,0,2020-09-23
Nevada,527.0,7.0,4,1,2020-09-24
Nevada,529.0,7.0,2,0,2020-09-25
Nevada,534.0,7.0,5,0,2020-09-26
Nevada,537.0,7.0,3,0,2020-09-27
Nevada,538.0,7.0,1,0,2020-09-28
Nevada,539.0,7.0,1,0,2020-09-29
Nevada,540.0,7.0,1,0,2020-09-30
Nevada,543.0,7.0,3,0,2020-10-01
Nevada,543.0,7.0,0,0,2020-10-02
Nevada,544.0,7.0,1,0,2020-10-03
Nevada,547.0,7.0,3,0,2020-10-04
Nevada,550.0,7.0,3,0,2020-10-05
Nevada,551.0,7.0,1,0,2020-10-06
Nevada,552.0,7.0,1,0,2020-10-07
Nevada,556.0,8.0,4,1,2020-10-08
Nevada,561.0,8.0,5,0,2020-10-09
Nevada,564.0,8.0,3,0,2020-10-10
Nevada,569.0,8.0,5,0,2020-10-11
Nevada,570.0,8.0,1,0,2020-10-12
Nevada,572.0,8.0,2,0,2020-10-13
Nevada,573.0,8.0,1,0,2020-10-14
Nevada,575.0,8.0,2,0,2020-10-15
Nevada,579.0,8.0,4,0,2020-10-16
Butte,2704.0,33.0,9,2,2020-09-16
Butte,2720.0,33.0,16,0,2020-09-17
Butte,2738.0,35.0,18,2,2020-09-18
Butte,2748.0,35.0,10,0,2020-09-19
Butte,2764.0,35.0,16,0,2020-09-20
Butte,2769.0,40.0,5,5,2020-09-21
Butte,2776.0,40.0,7,0,2020-09-22
Butte,2790.0,43.0,14,3,2020-09-23
Butte,2803.0,43.0,13,0,2020-09-24
Butte,2819.0,44.0,16,1,2020-09-25
Butte,2827.0,44.0,8,0,2020-09-26
Butte,2833.0,44.0,6,0,2020-09-27
Butte,2837.0,44.0,4,0,2020-09-28
Butte,2848.0,44.0,11,0,2020-09-29
Butte,2858.0,45.0,10,1,2020-09-30
Butte,2865.0,45.0,7,0,2020-10-01
Butte,2879.0,45.0,14,0,2020-10-02
Butte,2894.0,45.0,15,0,2020-10-03
Butte,2903.0,45.0,9,0,2020-10-04
Butte,2910.0,45.0,7,0,2020-10-05
Butte,2925.0,45.0,15,0,2020-10-06
Butte,2927.0,45.0,2,0,2020-10-07
Butte,2935.0,45.0,8,0,2020-10-08
Butte,2956.0,45.0,21,0,2020-10-09
Butte,2962.0,45.0,6,0,2020-10-10
Butte,2967.0,45.0,5,0,2020-10-11
Butte,2975.0,48.0,8,3,2020-10-12
Butte,2992.0,48.0,17,0,2020-10-13
Butte,2995.0,50.0,3,2,2020-10-14
Butte,3000.0,50.0,5,0,2020-10-15
Butte,3004.0,50.0,4,0,2020-10-16
Santa Cruz,2089.0,8.0,10,1,2020-09-16
Santa Cruz,2155.0,8.0,66,0,2020-09-17
Santa Cruz,2180.0,8.0,25,0,2020-09-18
Santa Cruz,2198.0,8.0,18,0,2020-09-19
Santa Cruz,2199.0,8.0,1,0,2020-09-20
Santa Cruz,2257.0,8.0,58,0,2020-09-21
Santa Cruz,2264.0,8.0,7,0,2020-09-22
Santa Cruz,2283.0,9.0,19,1,2020-09-23
Santa Cruz,2300.0,9.0,17,0,2020-09-24
Santa Cruz,2309.0,9.0,9,0,2020-09-25
Santa Cruz,2336.0,9.0,27,0,2020-09-26
Santa Cruz,2359.0,9.0,23,0,2020-09-27
Santa Cruz,2359.0,9.0,0,0,2020-09-28
Santa Cruz,2383.0,10.0,24,1,2020-09-29
Santa Cruz,2405.0,12.0,22,2,2020-09-30
Santa Cruz,2418.0,12.0,13,0,2020-10-01
Santa Cruz,2463.0,12.0,45,0,2020-10-02
Santa Cruz,2476.0,12.0,13,0,2020-10-03
Santa Cruz,2483.0,12.0,7,0,2020-10-04
Santa Cruz,2492.0,12.0,9,0,2020-10-05
Santa Cruz,2510.0,14.0,18,2,2020-10-06
Santa Cruz,2518.0,18.0,8,4,2020-10-07
Santa Cruz,2535.0,19.0,17,1,2020-10-08
Santa Cruz,2555.0,20.0,20,1,2020-10-09
Santa Cruz,2572.0,20.0,17,0,2020-10-10
Santa Cruz,2578.0,20.0,6,0,2020-10-11
Santa Cruz,2590.0,20.0,12,0,2020-10-12
Santa Cruz,2603.0,20.0,13,0,2020-10-13
Santa Cruz,2618.0,23.0,15,3,2020-10-14
Santa Cruz,2656.0,23.0,38,0,2020-10-15
Santa Cruz,2666.0,23.0,10,0,2020-10-16
Mendocino,727.0,18.0,3,0,2020-09-16
Mendocino,737.0,18.0,10,0,2020-09-17
Mendocino,739.0,18.0,2,0,2020-09-18
Mendocino,750.0,18.0,11,0,2020-09-19
Mendocino,765.0,18.0,15,0,2020-09-20
Mendocino,778.0,18.0,13,0,2020-09-21
Mendocino,794.0,18.0,16,0,2020-09-22
Mendocino,801.0,18.0,7,0,2020-09-23
Mendocino,810.0,18.0,9,0,2020-09-24
Mendocino,819.0,18.0,9,0,2020-09-25
Mendocino,836.0,18.0,17,0,2020-09-26
Mendocino,846.0,18.0,10,0,2020-09-27
Mendocino,850.0,18.0,4,0,2020-09-28
Mendocino,854.0,18.0,4,0,2020-09-29
Mendocino,867.0,18.0,13,0,2020-09-30
Mendocino,874.0,19.0,7,1,2020-10-01
Mendocino,883.0,19.0,9,0,2020-10-02
Mendocino,898.0,19.0,15,0,2020-10-03
Mendocino,905.0,20.0,7,1,2020-10-04
Mendocino,913.0,20.0,8,0,2020-10-05
Mendocino,920.0,20.0,7,0,2020-10-06
Mendocino,927.0,21.0,7,1,2020-10-07
Mendocino,930.0,21.0,3,0,2020-10-08
Mendocino,933.0,21.0,3,0,2020-10-09
Mendocino,935.0,21.0,2,0,2020-10-10
Mendocino,944.0,21.0,9,0,2020-10-11
Mendocino,947.0,21.0,3,0,2020-10-12
Mendocino,950.0,21.0,3,0,2020-10-13
Mendocino,955.0,21.0,5,0,2020-10-14
Mendocino,963.0,21.0,8,0,2020-10-15
Mendocino,974.0,21.0,11,0,2020-10-16
Fresno,27381.0,348.0,69,0,2020-09-16
Fresno,27487.0,348.0,106,0,2020-09-17
Fresno,27560.0,355.0,73,7,2020-09-18
Fresno,27668.0,355.0,108,0,2020-09-19
Fresno,27769.0,355.0,101,0,2020-09-20
Fresno,27843.0,355.0,74,0,2020-09-21
Fresno,27944.0,362.0,101,7,2020-09-22
Fresno,28019.0,362.0,75,0,2020-09-23
Fresno,28106.0,362.0,87,0,2020-09-24
Fresno,28199.0,382.0,93,20,2020-09-25
Fresno,28336.0,382.0,137,0,2020-09-26
Fresno,28441.0,382.0,105,0,2020-09-27
Fresno,28517.0,382.0,76,0,2020-09-28
Fresno,28621.0,390.0,104,8,2020-09-29
Fresno,28706.0,390.0,85,0,2020-09-30
Fresno,28796.0,390.0,90,0,2020-10-01
Fresno,28855.0,399.0,59,9,2020-10-02
Fresno,28975.0,399.0,120,0,2020-10-03
Fresno,29065.0,399.0,90,0,2020-10-04
Fresno,29136.0,399.0,71,0,2020-10-05
Fresno,29022.0,406.0,-114,7,2020-10-06
Fresno,29069.0,406.0,47,0,2020-10-07
Fresno,29111.0,406.0,42,0,2020-10-08
Fresno,29208.0,406.0,97,0,2020-10-09
Fresno,29286.0,406.0,78,0,2020-10-10
Fresno,29419.0,406.0,133,0,2020-10-11
Fresno,29523.0,406.0,104,0,2020-10-12
Fresno,29579.0,424.0,56,18,2020-10-13
Fresno,29650.0,424.0,71,0,2020-10-14
Fresno,29727.0,424.0,77,0,2020-10-15
Fresno,29796.0,429.0,69,5,2020-10-16
Inyo,176.0,14.0,0,0,2020-09-16
Inyo,176.0,14.0,0,0,2020-09-17
Inyo,177.0,14.0,1,0,2020-09-18
Inyo,177.0,14.0,0,0,2020-09-19
Inyo,177.0,14.0,0,0,2020-09-20
Inyo,177.0,14.0,0,0,2020-09-21
Inyo,177.0,14.0,0,0,2020-09-22
Inyo,177.0,15.0,0,1,2020-09-23
Inyo,187.0,15.0,10,0,2020-09-24
Inyo,187.0,15.0,0,0,2020-09-25
Inyo,187.0,15.0,0,0,2020-09-26
Inyo,188.0,15.0,1,0,2020-09-27
Inyo,188.0,15.0,0,0,2020-09-28
Inyo,188.0,15.0,0,0,2020-09-29
Inyo,189.0,15.0,1,0,2020-09-30
Inyo,191.0,15.0,2,0,2020-10-01
Inyo,191.0,15.0,0,0,2020-10-02
Inyo,194.0,15.0,3,0,2020-10-03
Inyo,195.0,15.0,1,0,2020-10-04
Inyo,197.0,15.0,2,0,2020-10-05
Inyo,198.0,15.0,1,0,2020-10-06
Inyo,199.0,15.0,1,0,2020-10-07
Inyo,199.0,15.0,0,0,2020-10-08
Inyo,200.0,15.0,1,0,2020-10-09
Inyo,201.0,15.0,1,0,2020-10-10
Inyo,201.0,15.0,0,0,2020-10-11
Inyo,201.0,15.0,0,0,2020-10-12
Inyo,207.0,15.0,6,0,2020-10-13
Inyo,209.0,15.0,2,0,2020-10-14
Inyo,210.0,15.0,1,0,2020-10-15
Inyo,212.0,15.0,2,0,2020-10-16
San Joaquin,19377.0,399.0,64,7,2020-09-16
San Joaquin,19439.0,407.0,62,8,2020-09-17
San Joaquin,19531.0,414.0,92,7,2020-09-18
San Joaquin,19580.0,414.0,49,0,2020-09-19
San Joaquin,19578.0,414.0,-2,0,2020-09-20
San Joaquin,19579.0,415.0,1,1,2020-09-21
San Joaquin,19755.0,421.0,176,6,2020-09-22
San Joaquin,19785.0,434.0,30,13,2020-09-23
San Joaquin,19851.0,437.0,66,3,2020-09-24
San Joaquin,19909.0,441.0,58,4,2020-09-25
San Joaquin,19982.0,441.0,73,0,2020-09-26
San Joaquin,19981.0,441.0,-1,0,2020-09-27
San Joaquin,19982.0,440.0,1,-1,2020-09-28
San Joaquin,20094.0,447.0,112,7,2020-09-29
San Joaquin,20150.0,456.0,56,9,2020-09-30
San Joaquin,20204.0,466.0,54,10,2020-10-01
San Joaquin,20235.0,470.0,31,4,2020-10-02
San Joaquin,20322.0,470.0,87,0,2020-10-03
San Joaquin,20320.0,470.0,-2,0,2020-10-04
San Joaquin,20319.0,471.0,-1,1,2020-10-05
San Joaquin,20481.0,472.0,162,1,2020-10-06
San Joaquin,20527.0,473.0,46,1,2020-10-07
San Joaquin,20576.0,473.0,49,0,2020-10-08
San Joaquin,20648.0,473.0,72,0,2020-10-09
San Joaquin,20700.0,473.0,52,0,2020-10-10
San Joaquin,20700.0,473.0,0,0,2020-10-11
San Joaquin,20701.0,473.0,1,0,2020-10-12
San Joaquin,20822.0,477.0,121,4,2020-10-13
San Joaquin,20845.0,483.0,23,6,2020-10-14
San Joaquin,20880.0,483.0,35,0,2020-10-15
San Joaquin,20910.0,484.0,30,1,2020-10-16
Ventura,12073.0,141.0,141,3,2020-09-16
Ventura,12167.0,142.0,94,1,2020-09-17
Ventura,12236.0,143.0,69,1,2020-09-18
Ventura,12328.0,143.0,92,0,2020-09-19
Ventura,12406.0,143.0,78,0,2020-09-20
Ventura,12477.0,146.0,71,3,2020-09-21
Ventura,12507.0,146.0,30,0,2020-09-22
Ventura,12591.0,146.0,84,0,2020-09-23
Ventura,12617.0,147.0,26,1,2020-09-24
Ventura,12664.0,150.0,47,3,2020-09-25
Ventura,12729.0,150.0,65,0,2020-09-26
Ventura,12775.0,150.0,46,0,2020-09-27
Ventura,12812.0,150.0,37,0,2020-09-28
Ventura,12875.0,150.0,63,0,2020-09-29
Ventura,12968.0,150.0,93,0,2020-09-30
Ventura,13057.0,152.0,89,2,2020-10-01
Ventura,13120.0,153.0,63,1,2020-10-02
Ventura,13150.0,153.0,30,0,2020-10-03
Ventura,13197.0,153.0,47,0,2020-10-04
Ventura,13224.0,154.0,27,1,2020-10-05
Ventura,13242.0,154.0,18,0,2020-10-06
Ventura,13333.0,157.0,91,3,2020-10-07
Ventura,13399.0,157.0,66,0,2020-10-08
Ventura,13469.0,158.0,70,1,2020-10-09
Ventura,13520.0,158.0,51,0,2020-10-10
Ventura,13604.0,158.0,84,0,2020-10-11
Ventura,13617.0,158.0,13,0,2020-10-12
Ventura,13645.0,158.0,28,0,2020-10-13
Ventura,13697.0,158.0,52,0,2020-10-14
Ventura,13750.0,159.0,53,1,2020-10-15
Ventura,13805.0,160.0,55,1,2020-10-16
Trinity,15.0,0.0,0,0,2020-09-16
Trinity,15.0,0.0,0,0,2020-09-17
Trinity,15.0,0.0,0,0,2020-09-18
Trinity,15.0,0.0,0,0,2020-09-19
Trinity,15.0,0.0,0,0,2020-09-20
Trinity,15.0,0.0,0,0,2020-09-21
Trinity,15.0,0.0,0,0,2020-09-22
Trinity,15.0,0.0,0,0,2020-09-23
Trinity,15.0,0.0,0,0,2020-09-24
Trinity,15.0,0.0,0,0,2020-09-25
Trinity,16.0,0.0,1,0,2020-09-26
Trinity,16.0,0.0,0,0,2020-09-27
Trinity,16.0,0.0,0,0,2020-09-28
Trinity,16.0,0.0,0,0,2020-09-29
Trinity,15.0,0.0,-1,0,2020-09-30
Trinity,15.0,0.0,0,0,2020-10-01
Trinity,15.0,0.0,0,0,2020-10-02
Trinity,15.0,0.0,0,0,2020-10-03
Trinity,21.0,0.0,6,0,2020-10-04
Trinity,22.0,0.0,1,0,2020-10-05
Trinity,25.0,0.0,3,0,2020-10-06
Trinity,25.0,0.0,0,0,2020-10-07
Trinity,25.0,0.0,0,0,2020-10-08
Trinity,25.0,0.0,0,0,2020-10-09
Trinity,19.0,0.0,-6,0,2020-10-10
Trinity,19.0,0.0,0,0,2020-10-11
Trinity,19.0,0.0,0,0,2020-10-12
Trinity,19.0,0.0,0,0,2020-10-13
Trinity,20.0,0.0,1,0,2020-10-14
Trinity,20.0,0.0,0,0,2020-10-15
Trinity,20.0,0.0,0,0,2020-10-16
Mariposa,74.0,2.0,0,0,2020-09-16
Mariposa,74.0,2.0,0,0,2020-09-17
Mariposa,74.0,2.0,0,0,2020-09-18
Mariposa,74.0,2.0,0,0,2020-09-19
Mariposa,74.0,2.0,0,0,2020-09-20
Mariposa,74.0,2.0,0,0,2020-09-21
Mariposa,74.0,2.0,0,0,2020-09-22
Mariposa,74.0,2.0,0,0,2020-09-23
Mariposa,74.0,2.0,0,0,2020-09-24
Mariposa,74.0,2.0,0,0,2020-09-25
Mariposa,74.0,2.0,0,0,2020-09-26
Mariposa,74.0,2.0,0,0,2020-09-27
Mariposa,74.0,2.0,0,0,2020-09-28
Mariposa,74.0,2.0,0,0,2020-09-29
Mariposa,76.0,2.0,2,0,2020-09-30
Mariposa,76.0,2.0,0,0,2020-10-01
Mariposa,75.0,2.0,-1,0,2020-10-02
Mariposa,75.0,2.0,0,0,2020-10-03
Mariposa,75.0,2.0,0,0,2020-10-04
Mariposa,75.0,2.0,0,0,2020-10-05
Mariposa,75.0,2.0,0,0,2020-10-06
Mariposa,75.0,2.0,0,0,2020-10-07
Mariposa,76.0,2.0,1,0,2020-10-08
Mariposa,76.0,2.0,0,0,2020-10-09
Mariposa,76.0,2.0,0,0,2020-10-10
Mariposa,76.0,2.0,0,0,2020-10-11
Mariposa,76.0,2.0,0,0,2020-10-12
Mariposa,76.0,2.0,0,0,2020-10-13
Mariposa,76.0,2.0,0,0,2020-10-14
Mariposa,76.0,2.0,0,0,2020-10-15
Mariposa,76.0,2.0,0,0,2020-10-16
El Dorado,1049.0,4.0,3,0,2020-09-16
El Dorado,1057.0,4.0,8,0,2020-09-17
El Dorado,1063.0,4.0,6,0,2020-09-18
El Dorado,1068.0,4.0,5,0,2020-09-19
El Dorado,1073.0,4.0,5,0,2020-09-20
El Dorado,1074.0,4.0,1,0,2020-09-21
El Dorado,1076.0,4.0,2,0,2020-09-22
El Dorado,1088.0,4.0,12,0,2020-09-23
El Dorado,1093.0,4.0,5,0,2020-09-24
El Dorado,1104.0,4.0,11,0,2020-09-25
El Dorado,1127.0,4.0,23,0,2020-09-26
El Dorado,1130.0,4.0,3,0,2020-09-27
El Dorado,1144.0,4.0,14,0,2020-09-28
El Dorado,1151.0,4.0,7,0,2020-09-29
El Dorado,1157.0,4.0,6,0,2020-09-30
El Dorado,1162.0,4.0,5,0,2020-10-01
El Dorado,1168.0,4.0,6,0,2020-10-02
El Dorado,1188.0,4.0,20,0,2020-10-03
El Dorado,1196.0,4.0,8,0,2020-10-04
El Dorado,1202.0,4.0,6,0,2020-10-05
El Dorado,1211.0,4.0,9,0,2020-10-06
El Dorado,1219.0,4.0,8,0,2020-10-07
El Dorado,1230.0,4.0,11,0,2020-10-08
El Dorado,1234.0,4.0,4,0,2020-10-09
El Dorado,1240.0,4.0,6,0,2020-10-10
El Dorado,1242.0,4.0,2,0,2020-10-11
El Dorado,1254.0,4.0,12,0,2020-10-12
El Dorado,1262.0,4.0,8,0,2020-10-13
El Dorado,1264.0,4.0,2,0,2020-10-14
El Dorado,1265.0,4.0,1,0,2020-10-15
El Dorado,1273.0,4.0,8,0,2020-10-16
Sonoma,6731.0,110.0,30,0,2020-09-16
Sonoma,6754.0,114.0,23,4,2020-09-17
Sonoma,6856.0,114.0,102,0,2020-09-18
Sonoma,6905.0,114.0,49,0,2020-09-19
Sonoma,6954.0,114.0,49,0,2020-09-20
Sonoma,7017.0,114.0,63,0,2020-09-21
Sonoma,7068.0,114.0,51,0,2020-09-22
Sonoma,7091.0,120.0,23,6,2020-09-23
Sonoma,7163.0,120.0,72,0,2020-09-24
Sonoma,7202.0,120.0,39,0,2020-09-25
Sonoma,7285.0,120.0,83,0,2020-09-26
Sonoma,7336.0,122.0,51,2,2020-09-27
Sonoma,7369.0,122.0,33,0,2020-09-28
Sonoma,7426.0,122.0,57,0,2020-09-29
Sonoma,7494.0,122.0,68,0,2020-09-30
Sonoma,7569.0,122.0,75,0,2020-10-01
Sonoma,7662.0,122.0,93,0,2020-10-02
Sonoma,7747.0,122.0,85,0,2020-10-03
Sonoma,7794.0,122.0,47,0,2020-10-04
Sonoma,7817.0,122.0,23,0,2020-10-05
Sonoma,7895.0,122.0,78,0,2020-10-06
Sonoma,7993.0,122.0,98,0,2020-10-07
Sonoma,8063.0,126.0,70,4,2020-10-08
Sonoma,8133.0,126.0,70,0,2020-10-09
Sonoma,8235.0,126.0,102,0,2020-10-10
Sonoma,8319.0,126.0,84,0,2020-10-11
Sonoma,8377.0,128.0,58,2,2020-10-12
Sonoma,8456.0,128.0,79,0,2020-10-13
Sonoma,8514.0,128.0,58,0,2020-10-14
Sonoma,8571.0,128.0,57,0,2020-10-15
Sonoma,8652.0,128.0,81,0,2020-10-16
Shasta,635.0,12.0,8,0,2020-09-16
Shasta,660.0,14.0,25,2,2020-09-17
Shasta,668.0,14.0,8,0,2020-09-18
Shasta,687.0,14.0,19,0,2020-09-19
Shasta,696.0,14.0,9,0,2020-09-20
Shasta,696.0,14.0,0,0,2020-09-21
Shasta,723.0,14.0,27,0,2020-09-22
Shasta,756.0,14.0,33,0,2020-09-23
Shasta,773.0,16.0,17,2,2020-09-24
Shasta,806.0,17.0,33,1,2020-09-25
Shasta,856.0,17.0,50,0,2020-09-26
Shasta,883.0,17.0,27,0,2020-09-27
Shasta,883.0,17.0,0,0,2020-09-28
Shasta,943.0,20.0,60,3,2020-09-29
Shasta,976.0,20.0,33,0,2020-09-30
Shasta,991.0,20.0,15,0,2020-10-01
Shasta,1046.0,22.0,55,2,2020-10-02
Shasta,1117.0,22.0,71,0,2020-10-03
Shasta,1158.0,22.0,41,0,2020-10-04
Shasta,1158.0,22.0,0,0,2020-10-05
Shasta,1242.0,22.0,84,0,2020-10-06
Shasta,1268.0,22.0,26,0,2020-10-07
Shasta,1305.0,24.0,37,2,2020-10-08
Shasta,1353.0,24.0,48,0,2020-10-09
Shasta,1473.0,24.0,120,0,2020-10-10
Shasta,1515.0,24.0,42,0,2020-10-11
Shasta,1515.0,24.0,0,0,2020-10-12
Shasta,1606.0,25.0,91,1,2020-10-13
Shasta,1553.0,25.0,-53,0,2020-10-14
Shasta,1635.0,28.0,82,3,2020-10-15
Shasta,1660.0,29.0,25,1,2020-10-16
Lassen,730.0,0.0,11,0,2020-09-16
Lassen,731.0,0.0,1,0,2020-09-17
Lassen,731.0,0.0,0,0,2020-09-18
Lassen,731.0,0.0,0,0,2020-09-19
Lassen,735.0,0.0,4,0,2020-09-20
Lassen,735.0,0.0,0,0,2020-09-21
Lassen,736.0,0.0,1,0,2020-09-22
Lassen,736.0,0.0,0,0,2020-09-23
Lassen,737.0,0.0,1,0,2020-09-24
Lassen,737.0,0.0,0,0,2020-09-25
Lassen,737.0,0.0,0,0,2020-09-26
Lassen,737.0,0.0,0,0,2020-09-27
Lassen,737.0,0.0,0,0,2020-09-28
Lassen,741.0,0.0,4,0,2020-09-29
Lassen,742.0,0.0,1,0,2020-09-30
Lassen,742.0,0.0,0,0,2020-10-01
Lassen,742.0,0.0,0,0,2020-10-02
Lassen,743.0,0.0,1,0,2020-10-03
Lassen,743.0,0.0,0,0,2020-10-04
Lassen,743.0,0.0,0,0,2020-10-05
Lassen,743.0,0.0,0,0,2020-10-06
Lassen,751.0,0.0,8,0,2020-10-07
Lassen,751.0,0.0,0,0,2020-10-08
Lassen,751.0,0.0,0,0,2020-10-09
Lassen,752.0,0.0,1,0,2020-10-10
Lassen,752.0,1.0,0,1,2020-10-11
Lassen,752.0,1.0,0,0,2020-10-12
Lassen,752.0,1.0,0,0,2020-10-13
Lassen,752.0,1.0,0,0,2020-10-14
Lassen,752.0,1.0,0,0,2020-10-15
Lassen,757.0,1.0,5,0,2020-10-16
Colusa,497.0,6.0,0,0,2020-09-16
Colusa,499.0,6.0,2,0,2020-09-17
Colusa,504.0,6.0,5,0,2020-09-18
Colusa,507.0,6.0,3,0,2020-09-19
Colusa,510.0,6.0,3,0,2020-09-20
Colusa,517.0,6.0,7,0,2020-09-21
Colusa,518.0,6.0,1,0,2020-09-22
Colusa,521.0,6.0,3,0,2020-09-23
Colusa,523.0,6.0,2,0,2020-09-24
Colusa,528.0,6.0,5,0,2020-09-25
Colusa,529.0,6.0,1,0,2020-09-26
Colusa,531.0,6.0,2,0,2020-09-27
Colusa,531.0,6.0,0,0,2020-09-28
Colusa,534.0,6.0,3,0,2020-09-29
Colusa,534.0,6.0,0,0,2020-09-30
Colusa,536.0,6.0,2,0,2020-10-01
Colusa,537.0,6.0,1,0,2020-10-02
Colusa,537.0,6.0,0,0,2020-10-03
Colusa,537.0,6.0,0,0,2020-10-04
Colusa,537.0,6.0,0,0,2020-10-05
Colusa,538.0,6.0,1,0,2020-10-06
Colusa,539.0,6.0,1,0,2020-10-07
Colusa,539.0,6.0,0,0,2020-10-08
Colusa,541.0,6.0,2,0,2020-10-09
Colusa,541.0,6.0,0,0,2020-10-10
Colusa,541.0,6.0,0,0,2020-10-11
Colusa,541.0,6.0,0,0,2020-10-12
Colusa,541.0,6.0,0,0,2020-10-13
Colusa,543.0,6.0,2,0,2020-10-14
Colusa,543.0,6.0,0,0,2020-10-15
Colusa,544.0,6.0,1,0,2020-10-16
Lake,417.0,7.0,1,0,2020-09-16
Lake,433.0,10.0,16,3,2020-09-17
Lake,458.0,10.0,25,0,2020-09-18
Lake,465.0,10.0,7,0,2020-09-19
Lake,492.0,10.0,27,0,2020-09-20
Lake,508.0,11.0,16,1,2020-09-21
Lake,516.0,11.0,8,0,2020-09-22
Lake,519.0,11.0,3,0,2020-09-23
Lake,531.0,11.0,12,0,2020-09-24
Lake,539.0,11.0,8,0,2020-09-25
Lake,549.0,11.0,10,0,2020-09-26
Lake,555.0,11.0,6,0,2020-09-27
Lake,559.0,11.0,4,0,2020-09-28
Lake,566.0,11.0,7,0,2020-09-29
Lake,567.0,11.0,1,0,2020-09-30
Lake,572.0,11.0,5,0,2020-10-01
Lake,579.0,11.0,7,0,2020-10-02
Lake,588.0,11.0,9,0,2020-10-03
Lake,589.0,11.0,1,0,2020-10-04
Lake,592.0,12.0,3,1,2020-10-05
Lake,596.0,12.0,4,0,2020-10-06
Lake,599.0,12.0,3,0,2020-10-07
Lake,604.0,12.0,5,0,2020-10-08
Lake,610.0,13.0,6,1,2020-10-09
Lake,630.0,13.0,20,0,2020-10-10
Lake,631.0,13.0,1,0,2020-10-11
Lake,633.0,13.0,2,0,2020-10-12
Lake,639.0,14.0,6,1,2020-10-13
Lake,642.0,14.0,3,0,2020-10-14
Lake,642.0,14.0,0,0,2020-10-15
Lake,644.0,15.0,2,1,2020-10-16
Modoc,22.0,0.0,1,0,2020-09-16
Modoc,22.0,0.0,0,0,2020-09-17
Modoc,22.0,0.0,0,0,2020-09-18
Modoc,22.0,0.0,0,0,2020-09-19
Modoc,22.0,0.0,0,0,2020-09-20
Modoc,22.0,0.0,0,0,2020-09-21
Modoc,24.0,0.0,2,0,2020-09-22
Modoc,24.0,0.0,0,0,2020-09-23
Modoc,24.0,0.0,0,0,2020-09-24
Modoc,26.0,0.0,2,0,2020-09-25
Modoc,26.0,0.0,0,0,2020-09-26
Modoc,26.0,0.0,0,0,2020-09-27
Modoc,26.0,0.0,0,0,2020-09-28
Modoc,26.0,0.0,0,0,2020-09-29
Modoc,26.0,0.0,0,0,2020-09-30
Modoc,26.0,0.0,0,0,2020-10-01
Modoc,26.0,0.0,0,0,2020-10-02
Modoc,26.0,0.0,0,0,2020-10-03
Modoc,26.0,0.0,0,0,2020-10-04
Modoc,26.0,0.0,0,0,2020-10-05
Modoc,26.0,0.0,0,0,2020-10-06
Modoc,27.0,0.0,1,0,2020-10-07
Modoc,27.0,0.0,0,0,2020-10-08
Modoc,27.0,0.0,0,0,2020-10-09
Modoc,27.0,0.0,0,0,2020-10-10
Modoc,27.0,0.0,0,0,2020-10-11
Modoc,27.0,0.0,0,0,2020-10-12
Modoc,28.0,0.0,1,0,2020-10-13
Modoc,27.0,0.0,-1,0,2020-10-14
Modoc,26.0,0.0,-1,0,2020-10-15
Modoc,26.0,0.0,0,0,2020-10-16
Tulare,15314.0,255.0,111,2,2020-09-16
Tulare,15344.0,256.0,30,1,2020-09-17
Tulare,15435.0,256.0,91,0,2020-09-18
Tulare,15485.0,256.0,50,0,2020-09-19
Tulare,15528.0,256.0,43,0,2020-09-20
Tulare,15528.0,256.0,0,0,2020-09-21
Tulare,15616.0,257.0,88,1,2020-09-22
Tulare,15664.0,259.0,48,2,2020-09-23
Tulare,15754.0,259.0,90,0,2020-09-24
Tulare,15815.0,259.0,61,0,2020-09-25
Tulare,15881.0,263.0,66,4,2020-09-26
Tulare,15918.0,263.0,37,0,2020-09-27
Tulare,15918.0,263.0,0,0,2020-09-28
Tulare,16055.0,263.0,137,0,2020-09-29
Tulare,16117.0,263.0,62,0,2020-09-30
Tulare,16182.0,263.0,65,0,2020-10-01
Tulare,16245.0,265.0,63,2,2020-10-02
Tulare,16322.0,265.0,77,0,2020-10-03
Tulare,16343.0,265.0,21,0,2020-10-04
Tulare,16343.0,265.0,0,0,2020-10-05
Tulare,16456.0,265.0,113,0,2020-10-06
Tulare,16483.0,267.0,27,2,2020-10-07
Tulare,16573.0,269.0,90,2,2020-10-08
Tulare,16644.0,269.0,71,0,2020-10-09
Tulare,16709.0,269.0,65,0,2020-10-10
Tulare,16741.0,269.0,32,0,2020-10-11
Tulare,16742.0,269.0,1,0,2020-10-12
Tulare,16822.0,269.0,80,0,2020-10-13
Tulare,16863.0,273.0,41,4,2020-10-14
Tulare,16918.0,274.0,55,1,2020-10-15
Tulare,16965.0,275.0,47,1,2020-10-16
San Benito,1244.0,10.0,7,0,2020-09-16
San Benito,1252.0,10.0,8,0,2020-09-17
San Benito,1257.0,11.0,5,1,2020-09-18
San Benito,1276.0,11.0,19,0,2020-09-19
San Benito,1291.0,11.0,15,0,2020-09-20
San Benito,1298.0,11.0,7,0,2020-09-21
San Benito,1305.0,11.0,7,0,2020-09-22
San Benito,1305.0,11.0,0,0,2020-09-23
San Benito,1308.0,11.0,3,0,2020-09-24
San Benito,1318.0,11.0,10,0,2020-09-25
San Benito,1325.0,11.0,7,0,2020-09-26
San Benito,1331.0,11.0,6,0,2020-09-27
San Benito,1336.0,11.0,5,0,2020-09-28
San Benito,1341.0,11.0,5,0,2020-09-29
San Benito,1342.0,11.0,1,0,2020-09-30
San Benito,1346.0,11.0,4,0,2020-10-01
San Benito,1347.0,11.0,1,0,2020-10-02
San Benito,1351.0,11.0,4,0,2020-10-03
San Benito,1355.0,11.0,4,0,2020-10-04
San Benito,1356.0,11.0,1,0,2020-10-05
San Benito,1358.0,12.0,2,1,2020-10-06
San Benito,1363.0,13.0,5,1,2020-10-07
San Benito,1367.0,13.0,4,0,2020-10-08
San Benito,1367.0,13.0,0,0,2020-10-09
San Benito,1370.0,13.0,3,0,2020-10-10
San Benito,1374.0,13.0,4,0,2020-10-11
San Benito,1376.0,13.0,2,0,2020-10-12
San Benito,1380.0,13.0,4,0,2020-10-13
San Benito,1381.0,13.0,1,0,2020-10-14
San Benito,1384.0,13.0,3,0,2020-10-15
San Benito,1388.0,14.0,4,1,2020-10-16
Alameda,20009.0,356.0,78,0,2020-09-16
Alameda,20146.0,365.0,137,9,2020-09-17
Alameda,20222.0,370.0,76,5,2020-09-18
Alameda,20349.0,374.0,127,4,2020-09-19
Alameda,20425.0,374.0,76,0,2020-09-20
Alameda,20501.0,374.0,76,0,2020-09-21
Alameda,20607.0,390.0,106,16,2020-09-22
Alameda,20718.0,395.0,111,5,2020-09-23
Alameda,20838.0,397.0,120,2,2020-09-24
Alameda,20911.0,404.0,73,7,2020-09-25
Alameda,21019.0,406.0,108,2,2020-09-26
Alameda,21077.0,406.0,58,0,2020-09-27
Alameda,21133.0,406.0,56,0,2020-09-28
Alameda,21241.0,408.0,108,2,2020-09-29
Alameda,21271.0,412.0,30,4,2020-09-30
Alameda,21349.0,420.0,78,8,2020-10-01
Alameda,21404.0,420.0,55,0,2020-10-02
Alameda,21510.0,426.0,106,6,2020-10-03
Alameda,21597.0,425.0,87,-1,2020-10-04
Alameda,21637.0,425.0,40,0,2020-10-05
Alameda,21698.0,427.0,61,2,2020-10-06
Alameda,21736.0,440.0,38,13,2020-10-07
Alameda,21826.0,440.0,90,0,2020-10-08
Alameda,21924.0,440.0,98,0,2020-10-09
Alameda,21979.0,441.0,55,1,2020-10-10
Alameda,22057.0,436.0,78,-5,2020-10-11
Alameda,22126.0,431.0,69,-5,2020-10-12
Alameda,22185.0,431.0,59,0,2020-10-13
Alameda,22227.0,442.0,42,11,2020-10-14
Alameda,22267.0,433.0,40,-9,2020-10-15
Alameda,22315.0,433.0,48,0,2020-10-16
Marin,6430.0,111.0,7,5,2020-09-16
Marin,6457.0,112.0,27,1,2020-09-17
Marin,6475.0,112.0,18,0,2020-09-18
Marin,6513.0,112.0,38,0,2020-09-19
Marin,6533.0,112.0,20,0,2020-09-20
Marin,6538.0,113.0,5,1,2020-09-21
Marin,6561.0,114.0,23,1,2020-09-22
Marin,6567.0,114.0,6,0,2020-09-23
Marin,6588.0,116.0,21,2,2020-09-24
Marin,6622.0,117.0,34,1,2020-09-25
Marin,6641.0,118.0,19,1,2020-09-26
Marin,6663.0,118.0,22,0,2020-09-27
Marin,6676.0,118.0,13,0,2020-09-28
Marin,6692.0,119.0,16,1,2020-09-29
Marin,6700.0,119.0,8,0,2020-09-30
Marin,6710.0,119.0,10,0,2020-10-01
Marin,6717.0,119.0,7,0,2020-10-02
Marin,6728.0,119.0,11,0,2020-10-03
Marin,6741.0,119.0,13,0,2020-10-04
Marin,6751.0,119.0,10,0,2020-10-05
Marin,6766.0,123.0,15,4,2020-10-06
Marin,6790.0,124.0,24,1,2020-10-07
Marin,6810.0,124.0,20,0,2020-10-08
Marin,6838.0,124.0,28,0,2020-10-09
Marin,6852.0,124.0,14,0,2020-10-10
Marin,6870.0,124.0,18,0,2020-10-11
Marin,6886.0,124.0,16,0,2020-10-12
Marin,6900.0,124.0,14,0,2020-10-13
Marin,6907.0,124.0,7,0,2020-10-14
Marin,6912.0,124.0,5,0,2020-10-15
Marin,6933.0,124.0,21,0,2020-10-16
San Diego,43447.0,748.0,264,6,2020-09-16
San Diego,43621.0,754.0,174,6,2020-09-17
San Diego,44009.0,757.0,388,3,2020-09-18
San Diego,44295.0,760.0,286,3,2020-09-19
San Diego,44579.0,760.0,284,0,2020-09-20
San Diego,44927.0,760.0,348,0,2020-09-21
San Diego,45149.0,765.0,222,5,2020-09-22
San Diego,45427.0,767.0,278,2,2020-09-23
San Diego,45598.0,773.0,171,6,2020-09-24
San Diego,46003.0,775.0,405,2,2020-09-25
San Diego,46333.0,775.0,330,0,2020-09-26
San Diego,46612.0,776.0,279,1,2020-09-27
San Diego,46736.0,776.0,124,0,2020-09-28
San Diego,46987.0,781.0,251,5,2020-09-29
San Diego,47182.0,783.0,195,2,2020-09-30
San Diego,47487.0,792.0,305,9,2020-10-01
San Diego,47793.0,794.0,306,2,2020-10-02
San Diego,48202.0,798.0,409,4,2020-10-03
San Diego,48438.0,803.0,236,5,2020-10-04
San Diego,48662.0,803.0,224,0,2020-10-05
San Diego,48823.0,806.0,161,3,2020-10-06
San Diego,49177.0,813.0,354,7,2020-10-07
San Diego,49468.0,819.0,291,6,2020-10-08
San Diego,49825.0,821.0,357,2,2020-10-09
San Diego,50145.0,825.0,320,4,2020-10-10
San Diego,50553.0,826.0,408,1,2020-10-11
San Diego,50748.0,826.0,195,0,2020-10-12
San Diego,51026.0,840.0,278,14,2020-10-13
San Diego,51329.0,844.0,303,4,2020-10-14
San Diego,51472.0,847.0,143,3,2020-10-15
San Diego,51785.0,850.0,313,3,2020-10-16
Out Of Country,0.0,0.0,0,0,2020-09-16
Out Of Country,0.0,0.0,0,0,2020-09-17
Out Of Country,0.0,0.0,0,0,2020-09-18
Out Of Country,0.0,0.0,0,0,2020-09-19
Out Of Country,0.0,0.0,0,0,2020-09-20
Out Of Country,0.0,0.0,0,0,2020-09-21
Out Of Country,0.0,0.0,0,0,2020-09-22
Out Of Country,0.0,0.0,0,0,2020-09-23
Out Of Country,0.0,0.0,0,0,2020-09-24
Out Of Country,0.0,0.0,0,0,2020-09-25
Out Of Country,0.0,0.0,0,0,2020-09-26
Out Of Country,0.0,0.0,0,0,2020-09-27
Out Of Country,0.0,0.0,0,0,2020-09-28
Out Of Country,0.0,0.0,0,0,2020-09-29
Out Of Country,0.0,0.0,0,0,2020-09-30
Out Of Country,0.0,0.0,0,0,2020-10-01
Out Of Country,0.0,0.0,0,0,2020-10-02
Out Of Country,0.0,0.0,0,0,2020-10-03
Out Of Country,0.0,0.0,0,0,2020-10-04
Out Of Country,0.0,0.0,0,0,2020-10-05
Out Of Country,0.0,0.0,0,0,2020-10-06
Out Of Country,0.0,0.0,0,0,2020-10-07
Out Of Country,0.0,0.0,0,0,2020-10-08
Out Of Country,0.0,0.0,0,0,2020-10-09
Out Of Country,0.0,0.0,0,0,2020-10-10
Out Of Country,0.0,0.0,0,0,2020-10-11
Out Of Country,0.0,0.0,0,0,2020-10-12
Out Of Country,0.0,0.0,0,0,2020-10-13
Out Of Country,0.0,0.0,0,0,2020-10-14
Out Of Country,0.0,0.0,0,0,2020-10-15
Out Of Country,0.0,0.0,0,0,2020-10-16
Glenn,539.0,3.0,8,0,2020-09-16
Glenn,541.0,3.0,2,0,2020-09-17
Glenn,541.0,3.0,0,0,2020-09-18
Glenn,547.0,3.0,6,0,2020-09-19
Glenn,550.0,3.0,3,0,2020-09-20
Glenn,556.0,3.0,6,0,2020-09-21
Glenn,560.0,3.0,4,0,2020-09-22
Glenn,561.0,3.0,1,0,2020-09-23
Glenn,567.0,3.0,6,0,2020-09-24
Glenn,570.0,3.0,3,0,2020-09-25
Glenn,576.0,3.0,6,0,2020-09-26
Glenn,576.0,3.0,0,0,2020-09-27
Glenn,585.0,3.0,9,0,2020-09-28
Glenn,589.0,3.0,4,0,2020-09-29
Glenn,592.0,3.0,3,0,2020-09-30
Glenn,593.0,3.0,1,0,2020-10-01
Glenn,594.0,3.0,1,0,2020-10-02
Glenn,601.0,3.0,7,0,2020-10-03
Glenn,601.0,3.0,0,0,2020-10-04
Glenn,603.0,3.0,2,0,2020-10-05
Glenn,604.0,3.0,1,0,2020-10-06
Glenn,615.0,3.0,11,0,2020-10-07
Glenn,616.0,3.0,1,0,2020-10-08
Glenn,617.0,3.0,1,0,2020-10-09
Glenn,623.0,3.0,6,0,2020-10-10
Glenn,625.0,3.0,2,0,2020-10-11
Glenn,626.0,3.0,1,0,2020-10-12
Glenn,629.0,3.0,3,0,2020-10-13
Glenn,629.0,3.0,0,0,2020-10-14
Glenn,632.0,3.0,3,0,2020-10-15
Glenn,632.0,3.0,0,0,2020-10-16
Siskiyou,145.0,0.0,2,0,2020-09-16
Siskiyou,146.0,0.0,1,0,2020-09-17
Siskiyou,146.0,0.0,0,0,2020-09-18
Siskiyou,146.0,0.0,0,0,2020-09-19
Siskiyou,146.0,0.0,0,0,2020-09-20
Siskiyou,146.0,0.0,0,0,2020-09-21
Siskiyou,149.0,0.0,3,0,2020-09-22
Siskiyou,149.0,0.0,0,0,2020-09-23
Siskiyou,149.0,0.0,0,0,2020-09-24
Siskiyou,149.0,0.0,0,0,2020-09-25
Siskiyou,149.0,0.0,0,0,2020-09-26
Siskiyou,149.0,0.0,0,0,2020-09-27
Siskiyou,149.0,0.0,0,0,2020-09-28
Siskiyou,150.0,0.0,1,0,2020-09-29
Siskiyou,150.0,0.0,0,0,2020-09-30
Siskiyou,150.0,0.0,0,0,2020-10-01
Siskiyou,151.0,0.0,1,0,2020-10-02
Siskiyou,152.0,0.0,1,0,2020-10-03
Siskiyou,153.0,0.0,1,0,2020-10-04
Siskiyou,153.0,0.0,0,0,2020-10-05
Siskiyou,154.0,0.0,1,0,2020-10-06
Siskiyou,154.0,0.0,0,0,2020-10-07
Siskiyou,156.0,0.0,2,0,2020-10-08
Siskiyou,156.0,0.0,0,0,2020-10-09
Siskiyou,161.0,0.0,5,0,2020-10-10
Siskiyou,162.0,0.0,1,0,2020-10-11
Siskiyou,162.0,0.0,0,0,2020-10-12
Siskiyou,163.0,0.0,1,0,2020-10-13
Siskiyou,166.0,0.0,3,0,2020-10-14
Siskiyou,166.0,0.0,0,0,2020-10-15
Siskiyou,167.0,0.0,1,0,2020-10-16
Madera,4138.0,58.0,16,0,2020-09-16
Madera,4152.0,58.0,14,0,2020-09-17
Madera,4211.0,58.0,59,0,2020-09-18
Madera,4237.0,58.0,26,0,2020-09-19
Madera,4257.0,58.0,20,0,2020-09-20
Madera,4275.0,62.0,18,4,2020-09-21
Madera,4303.0,65.0,28,3,2020-09-22
Madera,4311.0,65.0,8,0,2020-09-23
Madera,4344.0,65.0,33,0,2020-09-24
Madera,4369.0,65.0,25,0,2020-09-25
Madera,4410.0,65.0,41,0,2020-09-26
Madera,4416.0,65.0,6,0,2020-09-27
Madera,4438.0,65.0,22,0,2020-09-28
Madera,4453.0,65.0,15,0,2020-09-29
Madera,4477.0,65.0,24,0,2020-09-30
Madera,4508.0,68.0,31,3,2020-10-01
Madera,4537.0,70.0,29,2,2020-10-02
Madera,4565.0,70.0,28,0,2020-10-03
Madera,4587.0,70.0,22,0,2020-10-04
Madera,4598.0,70.0,11,0,2020-10-05
Madera,4608.0,70.0,10,0,2020-10-06
Madera,4618.0,70.0,10,0,2020-10-07
Madera,4637.0,70.0,19,0,2020-10-08
Madera,4646.0,71.0,9,1,2020-10-09
Madera,4662.0,71.0,16,0,2020-10-10
Madera,4680.0,71.0,18,0,2020-10-11
Madera,4689.0,71.0,9,0,2020-10-12
Madera,4700.0,71.0,11,0,2020-10-13
Madera,4713.0,73.0,13,2,2020-10-14
Madera,4723.0,73.0,10,0,2020-10-15
Madera,4736.0,73.0,13,0,2020-10-16
Tehama,485.0,3.0,1,0,2020-09-16
Tehama,487.0,4.0,2,1,2020-09-17
Tehama,490.0,4.0,3,0,2020-09-18
Tehama,498.0,4.0,8,0,2020-09-19
Tehama,509.0,4.0,11,0,2020-09-20
Tehama,513.0,4.0,4,0,2020-09-21
Tehama,529.0,4.0,16,0,2020-09-22
Tehama,533.0,4.0,4,0,2020-09-23
Tehama,540.0,4.0,7,0,2020-09-24
Tehama,546.0,5.0,6,1,2020-09-25
Tehama,560.0,5.0,14,0,2020-09-26
Tehama,573.0,5.0,13,0,2020-09-27
Tehama,579.0,5.0,6,0,2020-09-28
Tehama,585.0,5.0,6,0,2020-09-29
Tehama,594.0,5.0,9,0,2020-09-30
Tehama,606.0,5.0,12,0,2020-10-01
Tehama,619.0,6.0,13,1,2020-10-02
Tehama,630.0,7.0,11,1,2020-10-03
Tehama,637.0,7.0,7,0,2020-10-04
Tehama,642.0,7.0,5,0,2020-10-05
Tehama,660.0,7.0,18,0,2020-10-06
Tehama,666.0,7.0,6,0,2020-10-07
Tehama,676.0,7.0,10,0,2020-10-08
Tehama,682.0,8.0,6,1,2020-10-09
Tehama,693.0,8.0,11,0,2020-10-10
Tehama,702.0,8.0,9,0,2020-10-11
Tehama,708.0,8.0,6,0,2020-10-12
Tehama,717.0,8.0,9,0,2020-10-13
Tehama,721.0,8.0,4,0,2020-10-14
Tehama,726.0,8.0,5,0,2020-10-15
Tehama,737.0,8.0,11,0,2020-10-16
Sutter,1567.0,10.0,11,0,2020-09-16
Sutter,1572.0,10.0,5,0,2020-09-17
Sutter,1586.0,10.0,14,0,2020-09-18
Sutter,1602.0,10.0,16,0,2020-09-19
Sutter,1624.0,10.0,22,0,2020-09-20
Sutter,1634.0,10.0,10,0,2020-09-21
Sutter,1638.0,10.0,4,0,2020-09-22
Sutter,1646.0,11.0,8,1,2020-09-23
Sutter,1646.0,11.0,0,0,2020-09-24
Sutter,1655.0,11.0,9,0,2020-09-25
Sutter,1662.0,11.0,7,0,2020-09-26
Sutter,1672.0,11.0,10,0,2020-09-27
Sutter,1676.0,11.0,4,0,2020-09-28
Sutter,1677.0,11.0,1,0,2020-09-29
Sutter,1680.0,11.0,3,0,2020-09-30
Sutter,1684.0,11.0,4,0,2020-10-01
Sutter,1693.0,11.0,9,0,2020-10-02
Sutter,1705.0,11.0,12,0,2020-10-03
Sutter,1711.0,11.0,6,0,2020-10-04
Sutter,1719.0,11.0,8,0,2020-10-05
Sutter,1722.0,12.0,3,1,2020-10-06
Sutter,1723.0,12.0,1,0,2020-10-07
Sutter,1725.0,12.0,2,0,2020-10-08
Sutter,1732.0,12.0,7,0,2020-10-09
Sutter,1735.0,12.0,3,0,2020-10-10
Sutter,1742.0,12.0,7,0,2020-10-11
Sutter,1741.0,12.0,-1,0,2020-10-12
Sutter,1748.0,12.0,7,0,2020-10-13
Sutter,1747.0,12.0,-1,0,2020-10-14
Sutter,1752.0,12.0,5,0,2020-10-15
Sutter,1756.0,12.0,4,0,2020-10-16
Napa,1587.0,13.0,7,0,2020-09-16
Napa,1592.0,13.0,5,0,2020-09-17
Napa,1604.0,13.0,12,0,2020-09-18
Napa,1614.0,13.0,10,0,2020-09-19
Napa,1626.0,13.0,12,0,2020-09-20
Napa,1641.0,13.0,15,0,2020-09-21
Napa,1652.0,13.0,11,0,2020-09-22
Napa,1653.0,13.0,1,0,2020-09-23
Napa,1661.0,13.0,8,0,2020-09-24
Napa,1669.0,13.0,8,0,2020-09-25
Napa,1681.0,13.0,12,0,2020-09-26
Napa,1690.0,13.0,9,0,2020-09-27
Napa,1705.0,13.0,15,0,2020-09-28
Napa,1727.0,13.0,22,0,2020-09-29
Napa,1728.0,13.0,1,0,2020-09-30
Napa,1729.0,13.0,1,0,2020-10-01
Napa,1737.0,13.0,8,0,2020-10-02
Napa,1752.0,13.0,15,0,2020-10-03
Napa,1759.0,13.0,7,0,2020-10-04
Napa,1760.0,13.0,1,0,2020-10-05
Napa,1770.0,13.0,10,0,2020-10-06
Napa,1774.0,13.0,4,0,2020-10-07
Napa,1779.0,13.0,5,0,2020-10-08
Napa,1795.0,13.0,16,0,2020-10-09
Napa,1804.0,13.0,9,0,2020-10-10
Napa,1811.0,13.0,7,0,2020-10-11
Napa,1819.0,14.0,8,1,2020-10-12
Napa,1825.0,14.0,6,0,2020-10-13
Napa,1837.0,14.0,12,0,2020-10-14
Napa,1842.0,14.0,5,0,2020-10-15
Napa,1855.0,14.0,13,0,2020-10-16
Los Angeles,256101.0,6303.0,1053,30,2020-09-16
Los Angeles,257246.0,6324.0,1145,21,2020-09-17
Los Angeles,258488.0,6330.0,1242,6,2020-09-18
Los Angeles,259801.0,6330.0,1313,0,2020-09-19
Los Angeles,260770.0,6353.0,969,23,2020-09-20
Los Angeles,261418.0,6366.0,648,13,2020-09-21
Los Angeles,262117.0,6401.0,699,35,2020-09-22
Los Angeles,263318.0,6423.0,1201,22,2020-09-23
Los Angeles,264374.0,6455.0,1056,32,2020-09-24
Los Angeles,265713.0,6488.0,1339,33,2020-09-25
Los Angeles,266931.0,6504.0,1218,16,2020-09-26
Los Angeles,267754.0,6514.0,823,10,2020-09-27
Los Angeles,268404.0,6515.0,650,1,2020-09-28
Los Angeles,269246.0,6551.0,842,36,2020-09-29
Los Angeles,270260.0,6576.0,1014,25,2020-09-30
Los Angeles,271513.0,6610.0,1253,34,2020-10-01
Los Angeles,270935.0,6626.0,-578,16,2020-10-02
Los Angeles,271869.0,6642.0,934,16,2020-10-03
Los Angeles,272822.0,6647.0,953,5,2020-10-04
Los Angeles,273200.0,6654.0,378,7,2020-10-05
Los Angeles,274115.0,6681.0,915,27,2020-10-06
Los Angeles,275559.0,6709.0,1444,28,2020-10-07
Los Angeles,276763.0,6726.0,1204,17,2020-10-08
Los Angeles,278039.0,6741.0,1276,15,2020-10-09
Los Angeles,279213.0,6768.0,1174,27,2020-10-10
Los Angeles,280190.0,6771.0,977,3,2020-10-11
Los Angeles,280961.0,6773.0,771,2,2020-10-12
Los Angeles,281716.0,6773.0,755,0,2020-10-13
Los Angeles,282918.0,6812.0,1202,39,2020-10-14
Los Angeles,284019.0,6834.0,1101,22,2020-10-15
Los Angeles,284988.0,6855.0,969,21,2020-10-16
Sacramento,20610.0,364.0,123,6,2020-09-16
Sacramento,20895.0,371.0,285,7,2020-09-17
Sacramento,21105.0,375.0,210,4,2020-09-18
Sacramento,21297.0,375.0,192,0,2020-09-19
Sacramento,21394.0,375.0,97,0,2020-09-20
Sacramento,21568.0,383.0,174,8,2020-09-21
Sacramento,21745.0,393.0,177,10,2020-09-22
Sacramento,21821.0,399.0,76,6,2020-09-23
Sacramento,21985.0,399.0,164,0,2020-09-24
Sacramento,22132.0,406.0,147,7,2020-09-25
Sacramento,22269.0,406.0,137,0,2020-09-26
Sacramento,22356.0,406.0,87,0,2020-09-27
Sacramento,22392.0,412.0,36,6,2020-09-28
Sacramento,22547.0,416.0,155,4,2020-09-29
Sacramento,22613.0,416.0,66,0,2020-09-30
Sacramento,22714.0,426.0,101,10,2020-10-01
Sacramento,22818.0,430.0,104,4,2020-10-02
Sacramento,23076.0,430.0,258,0,2020-10-03
Sacramento,23162.0,430.0,86,0,2020-10-04
Sacramento,23207.0,432.0,45,2,2020-10-05
Sacramento,23322.0,437.0,115,5,2020-10-06
Sacramento,23380.0,445.0,58,8,2020-10-07
Sacramento,23482.0,447.0,102,2,2020-10-08
Sacramento,23606.0,450.0,124,3,2020-10-09
Sacramento,23689.0,450.0,83,0,2020-10-10
Sacramento,23778.0,450.0,89,0,2020-10-11
Sacramento,23807.0,450.0,29,0,2020-10-12
Sacramento,23930.0,458.0,123,8,2020-10-13
Sacramento,24013.0,462.0,83,4,2020-10-14
Sacramento,24068.0,464.0,55,2,2020-10-15
Sacramento,24144.0,468.0,76,4,2020-10-16
Merced,8646.0,131.0,13,0,2020-09-16
Merced,8671.0,133.0,25,2,2020-09-17
Merced,8691.0,134.0,20,1,2020-09-18
Merced,8717.0,134.0,26,0,2020-09-19
Merced,8745.0,134.0,28,0,2020-09-20
Merced,8749.0,137.0,4,3,2020-09-21
Merced,8769.0,140.0,20,3,2020-09-22
Merced,8785.0,140.0,16,0,2020-09-23
Merced,8813.0,140.0,28,0,2020-09-24
Merced,8830.0,142.0,17,2,2020-09-25
Merced,8841.0,142.0,11,0,2020-09-26
Merced,8853.0,142.0,12,0,2020-09-27
Merced,8869.0,143.0,16,1,2020-09-28
Merced,8892.0,143.0,23,0,2020-09-29
Merced,8926.0,145.0,34,2,2020-09-30
Merced,8942.0,145.0,16,0,2020-10-01
Merced,8961.0,145.0,19,0,2020-10-02
Merced,8986.0,145.0,25,0,2020-10-03
Merced,9006.0,145.0,20,0,2020-10-04
Merced,9021.0,148.0,15,3,2020-10-05
Merced,9034.0,149.0,13,1,2020-10-06
Merced,9045.0,149.0,11,0,2020-10-07
Merced,9069.0,150.0,24,1,2020-10-08
Merced,9095.0,150.0,26,0,2020-10-09
Merced,9105.0,150.0,10,0,2020-10-10
Merced,9124.0,150.0,19,0,2020-10-11
Merced,9141.0,150.0,17,0,2020-10-12
Merced,9181.0,152.0,40,2,2020-10-13
Merced,9201.0,152.0,20,0,2020-10-14
Merced,9213.0,152.0,12,0,2020-10-15
Merced,9246.0,152.0,33,0,2020-10-16
Kings,7002.0,77.0,25,0,2020-09-16
Kings,7015.0,77.0,13,0,2020-09-17
Kings,7062.0,77.0,47,0,2020-09-18
Kings,7130.0,77.0,68,0,2020-09-19
Kings,7159.0,77.0,29,0,2020-09-20
Kings,7297.0,77.0,138,0,2020-09-21
Kings,7395.0,77.0,98,0,2020-09-22
Kings,7406.0,77.0,11,0,2020-09-23
Kings,7428.0,77.0,22,0,2020-09-24
Kings,7450.0,77.0,22,0,2020-09-25
Kings,7537.0,80.0,87,3,2020-09-26
Kings,7641.0,80.0,104,0,2020-09-27
Kings,7661.0,80.0,20,0,2020-09-28
Kings,7681.0,80.0,20,0,2020-09-29
Kings,7685.0,80.0,4,0,2020-09-30
Kings,7688.0,80.0,3,0,2020-10-01
Kings,7716.0,80.0,28,0,2020-10-02
Kings,7887.0,80.0,171,0,2020-10-03
Kings,7919.0,82.0,32,2,2020-10-04
Kings,7932.0,82.0,13,0,2020-10-05
Kings,7943.0,82.0,11,0,2020-10-06
Kings,7948.0,82.0,5,0,2020-10-07
Kings,7968.0,82.0,20,0,2020-10-08
Kings,7993.0,82.0,25,0,2020-10-09
Kings,8078.0,82.0,85,0,2020-10-10
Kings,8094.0,82.0,16,0,2020-10-11
Kings,8106.0,82.0,12,0,2020-10-12
Kings,8111.0,82.0,5,0,2020-10-13
Kings,8118.0,82.0,7,0,2020-10-14
Kings,8134.0,82.0,16,0,2020-10-15
Kings,8146.0,83.0,12,1,2020-10-16
Kern,30570.0,340.0,141,7,2020-09-16
Kern,30627.0,340.0,57,0,2020-09-17
Kern,30742.0,350.0,115,10,2020-09-18
Kern,30886.0,354.0,144,4,2020-09-19
Kern,30992.0,354.0,106,0,2020-09-20
Kern,31031.0,354.0,39,0,2020-09-21
Kern,31110.0,357.0,79,3,2020-09-22
Kern,31172.0,360.0,62,3,2020-09-23
Kern,31273.0,361.0,101,1,2020-09-24
Kern,31333.0,367.0,60,6,2020-09-25
Kern,31410.0,369.0,77,2,2020-09-26
Kern,31462.0,369.0,52,0,2020-09-27
Kern,31481.0,369.0,19,0,2020-09-28
Kern,31534.0,369.0,53,0,2020-09-29
Kern,31601.0,370.0,67,1,2020-09-30
Kern,31678.0,371.0,77,1,2020-10-01
Kern,31790.0,381.0,112,10,2020-10-02
Kern,31864.0,386.0,74,5,2020-10-03
Kern,31906.0,386.0,42,0,2020-10-04
Kern,31933.0,386.0,27,0,2020-10-05
Kern,32006.0,387.0,73,1,2020-10-06
Kern,32068.0,387.0,62,0,2020-10-07
Kern,32169.0,387.0,101,0,2020-10-08
Kern,32237.0,392.0,68,5,2020-10-09
Kern,32338.0,394.0,101,2,2020-10-10
Kern,32399.0,395.0,61,1,2020-10-11
Kern,32425.0,395.0,26,0,2020-10-12
Kern,32497.0,397.0,72,2,2020-10-13
Kern,32528.0,406.0,31,9,2020-10-14
Kern,32593.0,406.0,65,0,2020-10-15
Kern,32660.0,408.0,67,2,2020-10-16
Riverside,55811.0,1136.0,242,11,2020-09-16
Riverside,56007.0,1143.0,196,7,2020-09-17
Riverside,56248.0,1153.0,241,10,2020-09-18
Riverside,56562.0,1153.0,314,0,2020-09-19
Riverside,56783.0,1153.0,221,0,2020-09-20
Riverside,57001.0,1162.0,218,9,2020-09-21
Riverside,57066.0,1172.0,65,10,2020-09-22
Riverside,57257.0,1173.0,191,1,2020-09-23
Riverside,57491.0,1179.0,234,6,2020-09-24
Riverside,57783.0,1189.0,292,10,2020-09-25
Riverside,58076.0,1189.0,293,0,2020-09-26
Riverside,58509.0,1189.0,433,0,2020-09-27
Riverside,58570.0,1206.0,61,17,2020-09-28
Riverside,58863.0,1216.0,293,10,2020-09-29
Riverside,59074.0,1226.0,211,10,2020-09-30
Riverside,59293.0,1226.0,219,0,2020-10-01
Riverside,59673.0,1231.0,380,5,2020-10-02
Riverside,59991.0,1231.0,318,0,2020-10-03
Riverside,60251.0,1231.0,260,0,2020-10-04
Riverside,60454.0,1238.0,203,7,2020-10-05
Riverside,60593.0,1244.0,139,6,2020-10-06
Riverside,60857.0,1247.0,264,3,2020-10-07
Riverside,61105.0,1248.0,248,1,2020-10-08
Riverside,61529.0,1256.0,424,8,2020-10-09
Riverside,61845.0,1256.0,316,0,2020-10-10
Riverside,62112.0,1256.0,267,0,2020-10-11
Riverside,62279.0,1256.0,167,0,2020-10-12
Riverside,62279.0,1258.0,0,2,2020-10-13
Riverside,62607.0,1264.0,328,6,2020-10-14
Riverside,62819.0,1269.0,212,5,2020-10-15
Riverside,62986.0,1269.0,167,0,2020-10-16
Unassigned,1.0,0.0,0,0,2020-09-16
Unassigned,2.0,0.0,1,0,2020-09-17
Unassigned,1.0,0.0,-1,0,2020-09-18
Unassigned,5.0,0.0,4,0,2020-09-19
Unassigned,8.0,0.0,3,0,2020-09-20
Unassigned,9.0,0.0,1,0,2020-09-21
Unassigned,10.0,0.0,1,0,2020-09-22
Unassigned,15.0,0.0,5,0,2020-09-23
Unassigned,13.0,0.0,-2,0,2020-09-24
Unassigned,11.0,0.0,-2,0,2020-09-25
Unassigned,10.0,0.0,-1,0,2020-09-26
Unassigned,10.0,0.0,0,0,2020-09-27
Unassigned,10.0,0.0,0,0,2020-09-28
Unassigned,11.0,0.0,1,0,2020-09-29
Unassigned,7.0,0.0,-4,0,2020-09-30
Unassigned,3.0,0.0,-4,0,2020-10-01
Unassigned,5.0,0.0,2,0,2020-10-02
Unassigned,3.0,0.0,-2,0,2020-10-03
Unassigned,3.0,0.0,0,0,2020-10-04
Unassigned,3.0,0.0,0,0,2020-10-05
Unassigned,23.0,0.0,20,0,2020-10-06
Unassigned,3.0,0.0,-20,0,2020-10-07
Unassigned,5.0,0.0,2,0,2020-10-08
Unassigned,5.0,0.0,0,0,2020-10-09
Unassigned,9.0,0.0,4,0,2020-10-10
Unassigned,9.0,0.0,0,0,2020-10-11
Unassigned,9.0,0.0,0,0,2020-10-12
Unassigned,2.0,0.0,-7,0,2020-10-13
Unassigned,1.0,0.0,-1,0,2020-10-14
Unassigned,2.0,0.0,1,0,2020-10-15
Unassigned,3.0,0.0,1,0,2020-10-16
Contra Costa,15473.0,197.0,50,3,2020-09-16
Contra Costa,15576.0,198.0,103,1,2020-09-17
Contra Costa,15667.0,199.0,91,1,2020-09-18
Contra Costa,15783.0,199.0,116,0,2020-09-19
Contra Costa,15917.0,201.0,134,2,2020-09-20
Contra Costa,16008.0,201.0,91,0,2020-09-21
Contra Costa,16090.0,202.0,82,1,2020-09-22
Contra Costa,16167.0,204.0,77,2,2020-09-23
Contra Costa,16252.0,204.0,85,0,2020-09-24
Contra Costa,16401.0,205.0,149,1,2020-09-25
Contra Costa,16508.0,205.0,107,0,2020-09-26
Contra Costa,16596.0,206.0,88,1,2020-09-27
Contra Costa,16653.0,206.0,57,0,2020-09-28
Contra Costa,16716.0,207.0,63,1,2020-09-29
Contra Costa,16819.0,209.0,103,2,2020-09-30
Contra Costa,16898.0,209.0,79,0,2020-10-01
Contra Costa,17002.0,211.0,104,2,2020-10-02
Contra Costa,17087.0,211.0,85,0,2020-10-03
Contra Costa,17192.0,212.0,105,1,2020-10-04
Contra Costa,17250.0,213.0,58,1,2020-10-05
Contra Costa,17295.0,218.0,45,5,2020-10-06
Contra Costa,17346.0,224.0,51,6,2020-10-07
Contra Costa,17418.0,227.0,72,3,2020-10-08
Contra Costa,17487.0,228.0,69,1,2020-10-09
Contra Costa,17566.0,230.0,79,2,2020-10-10
Contra Costa,17678.0,230.0,112,0,2020-10-11
Contra Costa,17728.0,230.0,50,0,2020-10-12
Contra Costa,17783.0,231.0,55,1,2020-10-13
Contra Costa,17820.0,233.0,37,2,2020-10-14
Contra Costa,17893.0,234.0,73,1,2020-10-15
Contra Costa,17956.0,234.0,63,0,2020-10-16
Del Norte,131.0,1.0,2,0,2020-09-16
Del Norte,131.0,1.0,0,0,2020-09-17
Del Norte,131.0,1.0,0,0,2020-09-18
Del Norte,132.0,1.0,1,0,2020-09-19
Del Norte,132.0,1.0,0,0,2020-09-20
Del Norte,132.0,1.0,0,0,2020-09-21
Del Norte,137.0,1.0,5,0,2020-09-22
Del Norte,137.0,1.0,0,0,2020-09-23
Del Norte,137.0,1.0,0,0,2020-09-24
Del Norte,138.0,1.0,1,0,2020-09-25
Del Norte,138.0,1.0,0,0,2020-09-26
Del Norte,138.0,1.0,0,0,2020-09-27
Del Norte,138.0,1.0,0,0,2020-09-28
Del Norte,142.0,1.0,4,0,2020-09-29
Del Norte,140.0,1.0,-2,0,2020-09-30
Del Norte,140.0,1.0,0,0,2020-10-01
Del Norte,141.0,1.0,1,0,2020-10-02
Del Norte,142.0,1.0,1,0,2020-10-03
Del Norte,142.0,1.0,0,0,2020-10-04
Del Norte,142.0,1.0,0,0,2020-10-05
Del Norte,144.0,1.0,2,0,2020-10-06
Del Norte,149.0,1.0,5,0,2020-10-07
Del Norte,151.0,1.0,2,0,2020-10-08
Del Norte,161.0,1.0,10,0,2020-10-09
Del Norte,161.0,1.0,0,0,2020-10-10
Del Norte,161.0,1.0,0,0,2020-10-11
Del Norte,161.0,1.0,0,0,2020-10-12
Del Norte,163.0,1.0,2,0,2020-10-13
Del Norte,163.0,1.0,0,0,2020-10-14
Del Norte,164.0,1.0,1,0,2020-10-15
Del Norte,166.0,1.0,2,0,2020-10-16
San Bernardino,50509.0,838.0,176,3,2020-09-16
San Bernardino,50770.0,839.0,261,1,2020-09-17
San Bernardino,51106.0,858.0,336,19,2020-09-18
San Bernardino,51353.0,908.0,247,50,2020-09-19
San Bernardino,51559.0,908.0,206,0,2020-09-20
San Bernardino,51654.0,908.0,95,0,2020-09-21
San Bernardino,51899.0,908.0,245,0,2020-09-22
San Bernardino,52132.0,908.0,233,0,2020-09-23
San Bernardino,52455.0,918.0,323,10,2020-09-24
San Bernardino,52814.0,922.0,359,4,2020-09-25
San Bernardino,53122.0,925.0,308,3,2020-09-26
San Bernardino,53127.0,925.0,5,0,2020-09-27
San Bernardino,53501.0,925.0,374,0,2020-09-28
San Bernardino,53753.0,952.0,252,27,2020-09-29
San Bernardino,53988.0,955.0,235,3,2020-09-30
San Bernardino,54350.0,955.0,362,0,2020-10-01
San Bernardino,54613.0,962.0,263,7,2020-10-02
San Bernardino,55004.0,962.0,391,0,2020-10-03
San Bernardino,55100.0,962.0,96,0,2020-10-04
San Bernardino,55100.0,962.0,0,0,2020-10-05
San Bernardino,55416.0,966.0,316,4,2020-10-06
San Bernardino,55738.0,967.0,322,1,2020-10-07
San Bernardino,56152.0,974.0,414,7,2020-10-08
San Bernardino,56434.0,984.0,282,10,2020-10-09
San Bernardino,56683.0,986.0,249,2,2020-10-10
San Bernardino,56997.0,986.0,314,0,2020-10-11
San Bernardino,57235.0,986.0,238,0,2020-10-12
San Bernardino,57411.0,986.0,176,0,2020-10-13
San Bernardino,57774.0,986.0,363,0,2020-10-14
San Bernardino,58068.0,988.0,294,2,2020-10-15
San Bernardino,58233.0,989.0,165,1,2020-10-16
Stanislaus,15897.0,321.0,17,4,2020-09-16
Stanislaus,15984.0,325.0,87,4,2020-09-17
Stanislaus,16042.0,329.0,58,4,2020-09-18
Stanislaus,16109.0,332.0,67,3,2020-09-19
Stanislaus,16159.0,335.0,50,3,2020-09-20
Stanislaus,16186.0,337.0,27,2,2020-09-21
Stanislaus,16231.0,339.0,45,2,2020-09-22
Stanislaus,16271.0,342.0,40,3,2020-09-23
Stanislaus,16326.0,345.0,55,3,2020-09-24
Stanislaus,16381.0,345.0,55,0,2020-09-25
Stanislaus,16421.0,351.0,40,6,2020-09-26
Stanislaus,16448.0,354.0,27,3,2020-09-27
Stanislaus,16467.0,356.0,19,2,2020-09-28
Stanislaus,16505.0,359.0,38,3,2020-09-29
Stanislaus,16531.0,359.0,26,0,2020-09-30
Stanislaus,16555.0,362.0,24,3,2020-10-01
Stanislaus,16609.0,368.0,54,6,2020-10-02
Stanislaus,16645.0,368.0,36,0,2020-10-03
Stanislaus,16711.0,372.0,66,4,2020-10-04
Stanislaus,16730.0,374.0,19,2,2020-10-05
Stanislaus,16759.0,377.0,29,3,2020-10-06
Stanislaus,16786.0,379.0,27,2,2020-10-07
Stanislaus,16821.0,381.0,35,2,2020-10-08
Stanislaus,16904.0,381.0,83,0,2020-10-09
Stanislaus,16960.0,381.0,56,0,2020-10-10
Stanislaus,17007.0,385.0,47,4,2020-10-11
Stanislaus,17051.0,385.0,44,0,2020-10-12
Stanislaus,17082.0,387.0,31,2,2020-10-13
Stanislaus,17105.0,388.0,23,1,2020-10-14
Stanislaus,17151.0,389.0,46,1,2020-10-15
Stanislaus,17201.0,391.0,50,2,2020-10-16
Humboldt,455.0,6.0,-1,0,2020-09-16
Humboldt,466.0,6.0,11,0,2020-09-17
Humboldt,470.0,6.0,4,0,2020-09-18
Humboldt,471.0,6.0,1,0,2020-09-19
Humboldt,472.0,6.0,1,0,2020-09-20
Humboldt,473.0,6.0,1,0,2020-09-21
Humboldt,476.0,6.0,3,0,2020-09-22
Humboldt,477.0,6.0,1,0,2020-09-23
Humboldt,482.0,7.0,5,1,2020-09-24
Humboldt,489.0,7.0,7,0,2020-09-25
Humboldt,491.0,7.0,2,0,2020-09-26
Humboldt,492.0,7.0,1,0,2020-09-27
Humboldt,495.0,8.0,3,1,2020-09-28
Humboldt,497.0,8.0,2,0,2020-09-29
Humboldt,497.0,8.0,0,0,2020-09-30
Humboldt,499.0,8.0,2,0,2020-10-01
Humboldt,503.0,8.0,4,0,2020-10-02
Humboldt,504.0,8.0,1,0,2020-10-03
Humboldt,506.0,8.0,2,0,2020-10-04
Humboldt,506.0,8.0,0,0,2020-10-05
Humboldt,508.0,8.0,2,0,2020-10-06
Humboldt,512.0,8.0,4,0,2020-10-07
Humboldt,515.0,8.0,3,0,2020-10-08
Humboldt,516.0,8.0,1,0,2020-10-09
Humboldt,518.0,8.0,2,0,2020-10-10
Humboldt,521.0,8.0,3,0,2020-10-11
Humboldt,522.0,8.0,1,0,2020-10-12
Humboldt,523.0,8.0,1,0,2020-10-13
Humboldt,531.0,8.0,8,0,2020-10-14
Humboldt,531.0,8.0,0,0,2020-10-15
Humboldt,533.0,8.0,2,0,2020-10-16
Plumas,45.0,0.0,1,0,2020-09-16
Plumas,45.0,0.0,0,0,2020-09-17
Plumas,45.0,0.0,0,0,2020-09-18
Plumas,47.0,0.0,2,0,2020-09-19
Plumas,47.0,0.0,0,0,2020-09-20
Plumas,47.0,0.0,0,0,2020-09-21
Plumas,48.0,0.0,1,0,2020-09-22
Plumas,48.0,0.0,0,0,2020-09-23
Plumas,48.0,0.0,0,0,2020-09-24
Plumas,48.0,0.0,0,0,2020-09-25
Plumas,48.0,0.0,0,0,2020-09-26
Plumas,48.0,0.0,0,0,2020-09-27
Plumas,48.0,0.0,0,0,2020-09-28
Plumas,48.0,0.0,0,0,2020-09-29
Plumas,48.0,0.0,0,0,2020-09-30
Plumas,48.0,0.0,0,0,2020-10-01
Plumas,48.0,0.0,0,0,2020-10-02
Plumas,48.0,0.0,0,0,2020-10-03
Plumas,49.0,0.0,1,0,2020-10-04
Plumas,49.0,0.0,0,0,2020-10-05
Plumas,49.0,0.0,0,0,2020-10-06
Plumas,50.0,0.0,1,0,2020-10-07
Plumas,50.0,0.0,0,0,2020-10-08
Plumas,50.0,0.0,0,0,2020-10-09
Plumas,51.0,0.0,1,0,2020-10-10
Plumas,51.0,0.0,0,0,2020-10-11
Plumas,51.0,0.0,0,0,2020-10-12
Plumas,51.0,0.0,0,0,2020-10-13
Plumas,52.0,0.0,1,0,2020-10-14
Plumas,52.0,0.0,0,0,2020-10-15
Plumas,52.0,0.0,0,0,2020-10-16
Amador,284.0,16.0,2,0,2020-09-16
Amador,284.0,16.0,0,0,2020-09-17
Amador,285.0,16.0,1,0,2020-09-18
Amador,285.0,16.0,0,0,2020-09-19
Amador,286.0,16.0,1,0,2020-09-20
Amador,286.0,16.0,0,0,2020-09-21
Amador,287.0,16.0,1,0,2020-09-22
Amador,288.0,16.0,1,0,2020-09-23
Amador,288.0,16.0,0,0,2020-09-24
Amador,289.0,16.0,1,0,2020-09-25
Amador,291.0,16.0,2,0,2020-09-26
Amador,291.0,16.0,0,0,2020-09-27
Amador,294.0,16.0,3,0,2020-09-28
Amador,294.0,16.0,0,0,2020-09-29
Amador,294.0,16.0,0,0,2020-09-30
Amador,294.0,16.0,0,0,2020-10-01
Amador,296.0,16.0,2,0,2020-10-02
Amador,296.0,16.0,0,0,2020-10-03
Amador,297.0,16.0,1,0,2020-10-04
Amador,299.0,16.0,2,0,2020-10-05
Amador,301.0,16.0,2,0,2020-10-06
Amador,302.0,16.0,1,0,2020-10-07
Amador,302.0,16.0,0,0,2020-10-08
Amador,303.0,16.0,1,0,2020-10-09
Amador,304.0,16.0,1,0,2020-10-10
Amador,305.0,16.0,1,0,2020-10-11
Amador,305.0,16.0,0,0,2020-10-12
Amador,306.0,16.0,1,0,2020-10-13
Amador,308.0,16.0,2,0,2020-10-14
Amador,309.0,16.0,1,0,2020-10-15
Amador,309.0,16.0,0,0,2020-10-16
Imperial,10401.0,309.0,25,0,2020-09-16
Imperial,10436.0,310.0,35,1,2020-09-17
Imperial,10460.0,312.0,24,2,2020-09-18
Imperial,10496.0,314.0,36,2,2020-09-19
Imperial,10496.0,314.0,0,0,2020-09-20
Imperial,10521.0,314.0,25,0,2020-09-21
Imperial,10529.0,314.0,8,0,2020-09-22
Imperial,10587.0,317.0,58,3,2020-09-23
Imperial,10622.0,317.0,35,0,2020-09-24
Imperial,10681.0,317.0,59,0,2020-09-25
Imperial,10721.0,317.0,40,0,2020-09-26
Imperial,10743.0,317.0,22,0,2020-09-27
Imperial,10777.0,317.0,34,0,2020-09-28
Imperial,10811.0,317.0,34,0,2020-09-29
Imperial,10868.0,320.0,57,3,2020-09-30
Imperial,10928.0,323.0,60,3,2020-10-01
Imperial,11024.0,323.0,96,0,2020-10-02
Imperial,11090.0,326.0,66,3,2020-10-03
Imperial,11127.0,326.0,37,0,2020-10-04
Imperial,11169.0,326.0,42,0,2020-10-05
Imperial,11196.0,326.0,27,0,2020-10-06
Imperial,11289.0,327.0,93,1,2020-10-07
Imperial,11405.0,329.0,116,2,2020-10-08
Imperial,11516.0,329.0,111,0,2020-10-09
Imperial,11591.0,329.0,75,0,2020-10-10
Imperial,11614.0,329.0,23,0,2020-10-11
Imperial,11689.0,330.0,75,1,2020-10-12
Imperial,11727.0,330.0,38,0,2020-10-13
Imperial,11765.0,335.0,38,5,2020-10-14
Imperial,11820.0,335.0,55,0,2020-10-15
Imperial,11885.0,335.0,65,0,2020-10-16
Yolo,2709.0,53.0,1,0,2020-09-16
Yolo,2724.0,53.0,15,0,2020-09-17
Yolo,2732.0,53.0,8,0,2020-09-18
Yolo,2739.0,54.0,7,1,2020-09-19
Yolo,2745.0,54.0,6,0,2020-09-20
Yolo,2752.0,54.0,7,0,2020-09-21
Yolo,2763.0,54.0,11,0,2020-09-22
Yolo,2766.0,55.0,3,1,2020-09-23
Yolo,2776.0,55.0,10,0,2020-09-24
Yolo,2784.0,55.0,8,0,2020-09-25
Yolo,2789.0,55.0,5,0,2020-09-26
Yolo,2796.0,55.0,7,0,2020-09-27
Yolo,2809.0,55.0,13,0,2020-09-28
Yolo,2818.0,55.0,9,0,2020-09-29
Yolo,2822.0,55.0,4,0,2020-09-30
Yolo,2833.0,55.0,11,0,2020-10-01
Yolo,2845.0,55.0,12,0,2020-10-02
Yolo,2863.0,56.0,18,1,2020-10-03
Yolo,2875.0,56.0,12,0,2020-10-04
Yolo,2889.0,56.0,14,0,2020-10-05
Yolo,2899.0,56.0,10,0,2020-10-06
Yolo,2904.0,56.0,5,0,2020-10-07
Yolo,2914.0,56.0,10,0,2020-10-08
Yolo,2928.0,56.0,14,0,2020-10-09
Yolo,2939.0,56.0,11,0,2020-10-10
Yolo,2952.0,56.0,13,0,2020-10-11
Yolo,2964.0,56.0,12,0,2020-10-12
Yolo,2983.0,56.0,19,0,2020-10-13
Yolo,3007.0,56.0,24,0,2020-10-14
Yolo,3014.0,56.0,7,0,2020-10-15
Yolo,3030.0,56.0,16,0,2020-10-16